frame_number, orig_local_time, orig_local_time2, local_time, game_elapsed_time, time_diff, inter_data_frame_number,emotion-1,emotion-2,emotion-3,emotion-4,emotion-5,emotion-6,emotion-7,emotion-8,emotion-9,expression-1,expression-2,expression-3,expression-4,expression-5,expression-6,expression-7,expression-8,expression-9,expression-10,expression-11,expression-12,expression-13,expression-14,expression-15,expression-16,expression-17,expression-18,expression-19,expression-20,expression-21,measurement-1,measurement-2,measurement-3,measurement-4
1,,,2018-02-21-15:23:17,,0,0,0.0,0.0,0.0,0.0,0.0,0.0,0.0,0.0,0.0,0.0,0.0,0.0,0.0,0.0,0.0,0.0,0.0,0.0,0.0,0.0,0.0,0.0,0.0,0.0,0.0,0.0,0.0,0.0,0.0,0.0,0.0,0.0,0.0,0.0
2,,,2018-02-21-15:23:17,,0,0,0.0,0.0,0.0,0.0,0.0,0.0,0.0,0.0,0.0,0.0,0.0,0.0,0.0,0.0,0.0,0.0,0.0,0.0,0.0,0.0,0.0,0.0,0.0,0.0,0.0,0.0,0.0,0.0,0.0,0.0,0.0,0.0,0.0,0.0
3,,,2018-02-21-15:23:17,,0,0,0.0,0.0,0.0,0.0,0.0,0.0,0.0,0.0,0.0,0.0,0.0,0.0,0.0,0.0,0.0,0.0,0.0,0.0,0.0,0.0,0.0,0.0,0.0,0.0,0.0,0.0,0.0,0.0,0.0,0.0,0.0,0.0,0.0,0.0
4,,,2018-02-21-15:23:17,,0,0,0.0,0.0,0.0,0.0,0.0,0.0,0.0,0.0,0.0,0.0,0.0,0.0,0.0,0.0,0.0,0.0,0.0,0.0,0.0,0.0,0.0,0.0,0.0,0.0,0.0,0.0,0.0,0.0,0.0,0.0,0.0,0.0,0.0,0.0
5,,,2018-02-21-15:23:18,,0,0,0.0,0.0,0.0,0.0,0.0,0.0,0.0,0.0,0.0,0.0,0.0,0.0,0.0,0.0,0.0,0.0,0.0,0.0,0.0,0.0,0.0,0.0,0.0,0.0,0.0,0.0,0.0,0.0,0.0,0.0,0.0,0.0,0.0,0.0
6,,,2018-02-21-15:23:18,,0,0,0.0,0.0,0.0,0.0,0.0,0.0,0.0,0.0,0.0,0.0,0.0,0.0,0.0,0.0,0.0,0.0,0.0,0.0,0.0,0.0,0.0,0.0,0.0,0.0,0.0,0.0,0.0,0.0,0.0,0.0,0.0,0.0,0.0,0.0
7,,,2018-02-21-15:23:18,,0,0,0.0,0.0,0.0,0.0,0.0,0.0,0.0,0.0,0.0,0.0,0.0,0.0,0.0,0.0,0.0,0.0,0.0,0.0,0.0,0.0,0.0,0.0,0.0,0.0,0.0,0.0,0.0,0.0,0.0,0.0,0.0,0.0,0.0,0.0
8,,,2018-02-21-15:23:18,,0,0,0.0,0.0,0.0,0.0,0.0,0.0,0.0,0.0,0.0,0.0,0.0,0.0,0.0,0.0,0.0,0.0,0.0,0.0,0.0,0.0,0.0,0.0,0.0,0.0,0.0,0.0,0.0,0.0,0.0,0.0,0.0,0.0,0.0,0.0
9,,,2018-02-21-15:23:18,,0,0,0.0,0.0,0.0,0.0,0.0,0.0,0.0,0.0,0.0,0.0,0.0,0.0,0.0,0.0,0.0,0.0,0.0,0.0,0.0,0.0,0.0,0.0,0.0,0.0,0.0,0.0,0.0,0.0,0.0,0.0,0.0,0.0,0.0,0.0
10,,,2018-02-21-15:23:18,,0,0,0.0,0.0,0.0,0.0,0.0,0.0,0.0,0.0,0.0,0.0,0.0,0.0,0.0,0.0,0.0,0.0,0.0,0.0,0.0,0.0,0.0,0.0,0.0,0.0,0.0,0.0,0.0,0.0,0.0,0.0,0.0,0.0,0.0,0.0
11,,,2018-02-21-15:23:18,,0,0,0.0,0.0,0.0,0.0,0.0,0.0,0.0,0.0,0.0,0.0,0.0,0.0,0.0,0.0,0.0,0.0,0.0,0.0,0.0,0.0,0.0,0.0,0.0,0.0,0.0,0.0,0.0,0.0,0.0,0.0,0.0,0.0,0.0,0.0
12,,,2018-02-21-15:23:19,,0,0,0.0,0.0,0.0,0.0,0.0,0.0,0.0,0.0,0.0,0.0,0.0,0.0,0.0,0.0,0.0,0.0,0.0,0.0,0.0,0.0,0.0,0.0,0.0,0.0,0.0,0.0,0.0,0.0,0.0,0.0,0.0,0.0,0.0,0.0
13,,,2018-02-21-15:23:19,,0,0,0.0018291294109076262,0.0045873490162193775,1.568068504333496,18.91541290283203,0.00013774338003713638,0.004405349958688021,0.024583688005805016,0.19270098209381104,-0.7473373413085938,82.26041412353516,1.5282991228104947e-07,3.694131737574935e-05,0.30354592204093933,0.6108735799789429,0.0034184246324002743,0.9055392742156982,0.0022276840172708035,0.023426398634910583,0.003974494989961386,0.000494802778121084,0.039416320621967316,0.00013774338003713638,45.12465286254883,2.6020325094577856e-06,0.03535836935043335,1.6045674511300234e-10,2.288180257892236e-05,0.0001633120991755277,8.843678678260858e-09,0.4541657865047455,32.861087799072266,-14.32954216003418,12.547779083251953,-11.965543746948242
14,,,2018-02-21-15:23:19,,0,0,0.0,0.0,0.0,0.0,0.0,0.0,0.0,0.0,0.0,0.0,0.0,0.0,0.0,0.0,0.0,0.0,0.0,0.0,0.0,0.0,0.0,0.0,0.0,0.0,0.0,0.0,0.0,0.0,0.0,0.0,0.0,0.0,0.0,0.0
15,,,2018-02-21-15:23:19,,0,0,0.001829085755161941,0.004206068813800812,3.376598358154297,0.19272693991661072,0.00015656162577215582,0.004502458032220602,0.02417905256152153,0.19267620146274567,-2.8319244384765625,70.30075073242188,4.125227235363127e-07,0.00015656162577215582,0.0729585736989975,0.0008735875599086285,1.4346693205880001e-05,0.24799175560474396,0.0028472421690821648,47.918704986572266,0.0003887806087732315,0.00016071564459707588,5.271121025085449,3.004089739988558e-05,0.0026365553494542837,1.4716808038883755e-07,0.013270668685436249,3.215577359938493e-09,8.308560609293636e-06,0.00015118729788810015,5.018251769683957e-08,0.04614562913775444,34.46957015991211,-17.691696166992188,8.910201072692871,-10.834660530090332
16,,,2018-02-21-15:23:19,,0,0,0.0018290664302185178,0.001643832540139556,99.66493225097656,0.19267740845680237,0.0002934328804258257,0.0045386007986962795,0.02404559589922428,0.19272270798683167,-33.933135986328125,84.90987396240234,2.3024407269645053e-08,0.0002934328804258257,0.04788371920585632,1.0219133628197596e-06,0.006338320206850767,0.014471824280917645,0.0018933922983705997,2.8856377601623535,0.008705639280378819,1.0101834050146863e-05,67.82569885253906,3.466945486252371e-07,0.00019282137509435415,1.4372137968621246e-07,0.009006233885884285,8.545357997602476e-12,1.0346676617700723e-06,0.023225639015436172,3.2287530302710366e-06,0.10971753299236298,35.769752502441406,-13.362252235412598,5.649085998535156,-12.527857780456543
17,,,2018-02-21-15:23:20,,0,0,0.0018290838925167918,0.0033620158210396767,9.182788848876953,0.19268354773521423,8.0069548857864e-06,0.004954926203936338,0.031357549130916595,0.22062693536281586,-3.835906982421875,95.8419418334961,5.541286100196885e-06,8.0069548857864e-06,0.025224782526493073,0.0007033442961983383,3.619927167892456,0.995120108127594,9.248752030543983e-05,17.707321166992188,0.0009740193490870297,0.00037226075073704123,10.029841423034668,1.1536565125425113e-06,0.0004917309852316976,3.3676460589049384e-06,0.02309577167034149,6.694329552497935e-12,9.953580359933767e-08,7.4236741065979,1.561249796111497e-08,5.735084533691406,38.817344665527344,-6.3117356300354,9.018546104431152,-7.378552436828613
18,,,2018-02-21-15:23:20,,0,0,0.0018290838925167918,0.003862745827063918,9.875277519226074,0.19269336760044098,1.4063180060475133e-05,0.00459371879696846,0.02476436272263527,0.19579346477985382,-2.3368911743164062,91.7171401977539,1.4063180060475133e-05,2.0851555859735527e-07,3.061111101487768e-06,0.03629807010293007,0.42511099576950073,0.07700165361166,8.49579521400301e-07,7.738011360168457,1.8380360415903851e-06,0.006169370841234922,9.586442947387695,3.827573493708769e-07,0.0009722551330924034,1.867489345386275e-07,0.0013212385820224881,1.684189788499213e-12,8.916708482686886e-10,6.594432353973389,7.407284785543311e-10,71.88339233398438,39.6302604675293,-9.977398872375488,7.462628364562988,-5.753577709197998
19,,,2018-02-21-15:23:20,,0,0,0.0018290838925167918,0.0030398620292544365,1.4007972478866577,0.19273124635219574,8.694102689332794e-06,0.005768514238297939,0.03890473023056984,0.25243234634399414,-5.518196105957031,95.80160522460938,8.694102689332794e-06,8.457590183752473e-07,1.6752659348640009e-06,0.000846334092784673,7.21747350692749,0.034722182899713516,3.2287098292727023e-06,0.0020272154361009598,2.1600088473405776e-07,0.0036298439372330904,6.690394878387451,4.4508817609312246e-07,0.002828147727996111,4.11023997060056e-08,0.0011370989959686995,4.620867490728875e-13,9.374884896162783e-11,0.041381701827049255,7.612561034875398e-07,52.27474594116211,40.47434997558594,-6.362117767333984,8.44556999206543,-3.86788272857666
20,,,2018-02-21-15:23:20,,0,0,0.0018291831947863102,0.003797791665419936,4.71942663192749,94.21284484863281,0.0006478001596406102,0.0052846092730760574,0.028119850903749466,0.22436536848545074,-2.1916122436523438,91.61824035644531,0.00010896734602283686,1.0546340263317688e-06,1.7561650622610614e-07,0.027572041377425194,3.091233253479004,0.00031641233363188803,2.5855111829287125e-08,0.0003934028500225395,4.979137102623099e-10,1.4673247337341309,3.310288429260254,0.0003393364604562521,85.08177185058594,0.0006478001596406102,0.005481672007590532,1.3389361841475989e-10,1.5607429793007555e-09,0.9778583645820618,2.0753907392645488e-07,84.3262939453125,40.9609260559082,-10.042141914367676,5.202633380889893,-3.9728000164031982
21,,,2018-02-21-15:23:20,,0,0,0.0,0.0,0.0,0.0,0.0,0.0,0.0,0.0,0.0,0.0,0.0,0.0,0.0,0.0,0.0,0.0,0.0,0.0,0.0,0.0,0.0,0.0,0.0,0.0,0.0,0.0,0.0,0.0,0.0,0.0,0.0,0.0,0.0,0.0
22,,,2018-02-21-15:23:21,,0,0,0.002162402495741844,0.003991454839706421,3.4232001304626465,0.48044806718826294,0.9207412600517273,0.1088394820690155,0.0009620384662412107,2.1665735244750977,-0.164947509765625,90.45761108398438,3.0070256684666674e-07,1.798678931663744e-05,3.90622517443262e-06,0.001274317386560142,0.8251957893371582,2.685242653233111e-11,9.821330877457513e-07,0.0003079381422139704,4.675910895457491e-05,96.35738372802734,2.1975674629211426,0.9207412600517273,9.276850700378418,0.004546658135950565,2.260910987854004,4.556785070802816e-12,1.952777273217521e-09,0.6573559045791626,3.2717650810809573e-09,9.63516902923584,41.788726806640625,-10.754313468933105,5.874503135681152,-9.478837013244629
23,,,2018-02-21-15:23:21,,0,0,0.0035917568020522594,0.0034590517170727253,2.242219924926758,0.18380345404148102,3.7116448879241943,0.004095308016985655,0.017138319090008736,0.21621862053871155,32.25461959838867,90.57440185546875,5.357252575777238e-06,3.945996650145389e-05,2.2785228793509305e-05,2.0639366994146258e-05,0.5782145261764526,5.06473174510802e-09,0.0015809526666998863,0.000391386536648497,0.24343009293079376,3.7537567615509033,0.025750312954187393,3.7116448879241943,2.1755716800689697,1.6993600127079844e-07,0.03709222748875618,9.664021582977966e-09,1.0754389450085e-06,72.0070571899414,2.525036109091161e-07,33.3638801574707,39.814334869384766,-10.686290740966797,12.706761360168457,-8.115779876708984
24,,,2018-02-21-15:23:21,,0,0,0.001830404857173562,0.002934392774477601,0.698529839515686,0.22567076981067657,0.0039762090891599655,0.006486831232905388,0.04762792959809303,0.2867826819419861,-3.2133026123046875,89.0918960571289,3.2614459541946417e-06,4.1440223867539316e-05,2.1929505237494595e-05,2.161370503017679e-05,10.462837219238281,4.954270934831584e-06,0.0004374824929982424,3.610615385696292e-05,0.27180007100105286,0.2524924874305725,0.012403017841279507,0.0039762090891599655,1.4937325716018677,0.00023353284632321447,0.0003790939226746559,5.06971409297563e-11,7.015866287929384e-08,0.023941371589899063,1.4053820450499188e-05,35.02813720703125,39.43113327026367,-11.499187469482422,9.330507278442383,-6.084789276123047
25,,,2018-02-21-15:23:21,,0,0,0.0018290490843355656,0.0028432700783014297,2.9874749183654785,0.369175523519516,0.00028013638802804053,0.00648857606574893,0.04906482622027397,0.2876769006252289,-0.8432846069335938,90.20674896240234,0.00028013638802804053,1.2211324929012335e-07,0.0033676729071885347,0.0007975379703566432,10.714935302734375,0.00017070001922547817,3.383743387530558e-05,0.7498764395713806,0.01842249557375908,0.0001674673694651574,1.4424610137939453,4.00947465095669e-06,6.136849880218506,1.1806576161177418e-08,4.686907232098747e-06,4.3356221390844496e-10,1.1195886884252104e-08,7.747961521148682,1.6899871297937352e-06,72.60440063476562,38.58711242675781,-10.897944450378418,4.227179050445557,-5.327281951904297
26,,,2018-02-21-15:23:21,,0,0,0.001829085755161941,0.004164151381701231,1.4305886030197144,0.1929093599319458,1.0516170050323126e-06,0.004860572051256895,0.0275255236774683,0.20803220570087433,-0.3137664794921875,91.29244232177734,5.531652504942031e-07,1.4914731139015203e-07,9.488960017733916e-07,0.002103222068399191,2.0493245124816895,0.0009531692485325038,8.926986993174069e-06,0.020015273243188858,0.050907302647829056,9.600926205166616e-06,0.06550751626491547,1.0516170050323126e-06,0.011540418490767479,2.4957744315656782e-08,3.610096541706298e-07,3.2218550743978724e-11,2.09534789519239e-09,0.8743218183517456,9.738164052919274e-09,84.09479522705078,39.64598083496094,-10.250616073608398,7.074430465698242,-6.7200727462768555
27,,,2018-02-21-15:23:22,,0,0,0.001829080400057137,0.004500655457377434,0.674232542514801,0.19301478564739227,4.103292667423375e-05,0.0045469533652067184,0.024104425683617592,0.19301433861255646,-0.216033935546875,88.1994857788086,4.103292667423375e-05,6.095062872191193e-07,3.348348172949045e-06,0.01574816182255745,0.04710293561220169,0.00016729815979488194,2.0863983081653714e-05,0.09666815400123596,0.005532983224838972,0.0003145088558085263,0.4466111361980438,1.7349182144243969e-06,0.016683736816048622,5.8916910461448424e-08,1.7880283849081025e-06,2.272689675342221e-11,4.3351384704237717e-08,0.05799778178334236,5.375873524116059e-09,55.30464553833008,41.703819274902344,-11.94271183013916,7.183130741119385,-7.5972065925598145
28,,,2018-02-21-15:23:22,,0,0,0.0018290490843355656,0.0032948723528534174,2.9343371391296387,0.19654516875743866,0.0002958262339234352,0.005844015162438154,0.03981740027666092,0.2558193802833557,10.229857444763184,90.53590393066406,0.0002958262339234352,1.889495422346954e-07,1.68978949659504e-05,0.001247237785719335,7.5765838623046875,0.0009465565090067685,6.114126153988764e-05,1.2254866361618042,0.0017665924970060587,0.000321126397466287,0.3242523670196533,5.683209110429743e-06,0.1875692456960678,1.9960655350814704e-08,3.403219307074323e-05,1.3285032796073182e-11,3.054744723840486e-08,31.6656436920166,4.895512688563031e-07,96.90280151367188,39.29426574707031,-10.70879077911377,9.886102676391602,-6.335666179656982
29,,,2018-02-21-15:23:22,,0,0,0.0018290732987225056,0.0038471072912216187,3.8592658042907715,0.19271133840084076,0.00011339935008436441,0.00504678301513195,0.029791103675961494,0.2172735333442688,5.261470317840576,94.08494567871094,0.00011339935008436441,3.402935888630054e-08,3.8824528019176796e-05,0.0030321981757879257,3.210740566253662,0.03516319766640663,5.558526936511043e-07,3.3748433589935303,0.0003055417619179934,0.0004965135012753308,2.1197729110717773,7.363350050582085e-06,0.0018400182016193867,1.9614383006683056e-08,3.474096592981368e-05,2.7419516310245307e-11,3.4280542848819096e-09,18.2733097076416,5.25023047259765e-09,85.43511962890625,39.60982894897461,-8.166513442993164,10.426929473876953,-4.694989204406738
30,,,2018-02-21-15:23:22,,0,0,0.0018289914587512612,0.004164659418165684,3.589163303375244,0.19275976717472076,0.0007245400338433683,0.004752466920763254,0.026331061497330666,0.20281361043453217,0.16793787479400635,90.48155212402344,0.0007245400338433683,3.7708474565079086e-08,9.338839845440816e-06,0.0003226342087145895,1.3710952997207642,0.00016432855045422912,2.7992191462544724e-06,3.8289074897766113,0.00023709010565653443,0.0012131852563470602,1.9459415674209595,5.45944612895255e-06,0.004098300356417894,4.3600013555078476e-07,2.7315349143464118e-05,6.800135541468189e-13,2.628876671906255e-09,3.8815979957580566,2.839907475848946e-10,86.57212829589844,39.804969787597656,-10.740429878234863,10.425419807434082,-7.17897367477417
31,,,2018-02-21-15:23:22,,0,0,0.001829089131206274,0.0044921268709003925,3.0980796813964844,0.19273656606674194,1.0454915354785044e-05,0.004549256060272455,0.024132894352078438,0.19313323497772217,0.042586058378219604,89.21051788330078,1.1939905562030617e-06,3.835335974144982e-06,0.00015081188757903874,0.03497243672609329,0.06366455554962158,0.0011620699660852551,4.508566780714318e-05,10.060759544372559,0.0027938298881053925,2.6334131689509377e-05,0.5271252989768982,1.0454915354785044e-05,0.003097052685916424,1.7705703214687674e-07,7.17288494342938e-05,1.9776525903014708e-11,9.906382558710902e-08,0.8173710703849792,1.4008547211119549e-08,52.95125198364258,41.175296783447266,-11.437865257263184,12.448381423950195,-7.030637741088867
32,,,2018-02-21-15:23:23,,0,0,0.0018290838925167918,0.004458670970052481,0.5411830544471741,0.20093180239200592,1.62949781952193e-05,0.004550045821815729,0.024148661643266678,0.193192258477211,-0.40261077880859375,92.63440704345703,1.62949781952193e-05,3.587200581023353e-06,0.03163418918848038,0.007401629351079464,0.07173936814069748,0.004256239160895348,0.00010258641850668937,0.046796172857284546,0.00026446505216881633,0.00019150847219862044,1.080283522605896,5.82660319992101e-09,0.39577600359916687,1.86840036775493e-08,0.0110075194388628,6.878637659468723e-10,2.9347302188398317e-07,0.4291210174560547,5.3698222951537034e-11,13.841024398803711,41.94712829589844,-9.34079647064209,7.056084632873535,-5.4447407722473145
33,,,2018-02-21-15:23:23,,0,0,0.0018296717898920178,0.004460529424250126,1.8447037935256958,0.1932869851589203,0.0017644171603024006,0.004546792712062597,0.024107826873660088,0.19303251802921295,-0.5274810791015625,92.34127807617188,3.6635797187045682e-06,3.8640605453110766e-06,0.004999065306037664,0.04520244896411896,0.0496869720518589,8.918154890125152e-06,1.0268903679389041e-05,2.1733381748199463,0.000412508292356506,9.586448140908033e-05,1.0405800342559814,0.0017644171603024006,0.03122430481016636,2.0224973695803783e-08,0.00015732795873191208,1.0297166452843953e-09,7.354982517426834e-05,0.018962103873491287,1.332089771821643e-09,20.379344940185547,41.143043518066406,-9.551766395568848,7.757298946380615,-4.826649188995361
34,,,2018-02-21-15:23:23,,0,0,0.001829085755161941,0.004520217888057232,0.6276061534881592,0.1951432228088379,8.880168024916202e-06,0.0045402804389595985,0.024034343659877777,0.1926950216293335,-0.140228271484375,97.41215515136719,1.3083733563235e-07,8.880168024916202e-06,2.5331230062874965e-05,0.0008280403562821448,0.002410569228231907,5.512945904229127e-07,1.717298118819599e-06,70.19744110107422,5.610729203908704e-05,0.0008372641750611365,0.2813321650028229,3.53245513906586e-06,0.12011119723320007,2.0140859646744502e-08,0.00021823073620907962,1.962240925301728e-10,2.031561962212436e-06,0.00295234308578074,1.763116458386449e-10,18.409677505493164,40.93716812133789,-3.8593690395355225,8.25102424621582,-8.044341087341309
35,,,2018-02-21-15:23:23,,0,0,0.0018290820298716426,0.0045358361676335335,0.4426978528499603,0.20228493213653564,6.809308979427442e-05,0.0045400941744446754,0.024034159258008003,0.19268843531608582,1.9944519996643066,97.29229736328125,3.3387852482746894e-08,6.809308979427442e-05,0.0006044628680683672,1.2251739462953992e-06,0.0019431870896369219,1.4969613104653945e-08,9.812922598939622e-07,19.28499412536621,0.00014734476280864328,3.1342478905571625e-05,0.053886529058218,2.8494405341916718e-06,0.45907577872276306,2.1034734842828584e-08,0.0008997943950816989,1.2886578470983068e-09,3.919396931451047e-06,5.0555033683776855,1.309117436676388e-07,3.731989860534668,40.058746337890625,-4.0918965339660645,5.672271728515625,-10.944296836853027
36,,,2018-02-21-15:23:23,,0,0,0.0018289878498762846,0.00452849268913269,0.4419173002243042,0.20199085772037506,0.0014661583118140697,0.004545314237475395,0.02408556640148163,0.19294315576553345,27.824209213256836,94.7197036743164,2.9880182772501485e-09,0.0014661583118140697,0.00018803845159709454,4.886305760010146e-07,0.03466975316405296,2.767603177744604e-07,2.1392010296494846e-07,52.36482620239258,6.050442607374862e-05,0.00038343449705280364,0.06488946825265884,2.894221573512823e-08,0.44535350799560547,1.7335810298391152e-07,0.0018154316348955035,1.7910488370187494e-10,6.406947932191542e-07,69.6678237915039,1.5166385310294572e-05,2.738807201385498,39.42554473876953,-7.565306186676025,1.9074699878692627,-9.364872932434082
37,,,2018-02-21-15:23:24,,0,0,0.001829077024012804,0.004538107663393021,0.4280896782875061,0.24407464265823364,0.00013510457938537002,0.004540116060525179,0.02403312735259533,0.19268923997879028,0.9933515191078186,98.77536010742188,2.1729185117891348e-10,0.00013510457938537002,0.0027042259462177753,1.34474227309056e-08,0.001796978758648038,4.1091659852554585e-08,2.0303609744587447e-06,37.36640167236328,0.0016261199489235878,0.0002467506274115294,0.02588515356183052,1.8804855983489688e-07,2.230517864227295,6.375335459551934e-08,0.00010919599299086258,8.463395317903633e-08,7.660747542104218e-06,2.520331621170044,4.944594547851011e-05,0.4805046617984772,38.609458923339844,0.04897549748420715,-1.9311193227767944,-11.20174789428711
38,,,2018-02-21-15:23:24,,0,0,0.001829003682360053,0.004539843648672104,0.26359957456588745,0.6133832335472107,0.0012230734573677182,0.00454016774892807,0.021520473062992096,0.1926954686641693,-1.9694366455078125,98.56925964355469,1.9794159367148012e-10,0.0012230734573677182,0.0025307440664619207,1.8453194701451014e-12,0.00042852319893427193,2.814990978095011e-07,1.0074118250713582e-07,0.03975582495331764,6.6204681396484375,0.0008758248295634985,0.001142155029810965,7.858161410467801e-08,10.93851375579834,0.00011915969662368298,1.3540095096686855e-05,1.6710539057385176e-05,3.931219453079393e-06,0.04556213691830635,0.0006422136211767793,0.002892897929996252,38.512142181396484,0.8371449708938599,-0.8299667835235596,-11.346274375915527
39,,,2018-02-21-15:23:24,,0,0,0.0018287439597770572,0.00456048920750618,0.4114026129245758,0.6189035177230835,0.0051410384476184845,0.0045410688035190105,0.023840369656682014,0.19275814294815063,-0.0936431884765625,94.1050796508789,6.467822111222432e-11,0.0051410384476184845,0.11434577405452728,1.0651519779852816e-14,0.002842898480594158,5.069956614534021e-07,1.8058248230090612e-08,14.602509498596191,0.4811359941959381,0.0004825164214707911,0.002035734010860324,4.642095596807394e-09,11.02336311340332,0.0005087840254418552,3.9914215449243784e-05,7.513505988754332e-05,1.4080934818139212e-07,0.21782533824443817,0.023667700588703156,0.0007206514128483832,37.34694290161133,-8.148390769958496,-1.9152871370315552,-8.839500427246094
40,,,2018-02-21-15:23:25,,0,0,0.0018290838925167918,0.004539795685559511,0.28839534521102905,0.36377769708633423,0.0016821338795125484,0.004539886489510536,0.021969472989439964,0.19267696142196655,-1.6162338256835938,98.60966491699219,1.1206287009457583e-09,2.3519272872363217e-05,0.0006794811924919486,1.924250341289735e-07,3.348936661495827e-05,7.204036592156626e-06,1.9018185639652074e-06,0.27006086707115173,5.3820037841796875,0.0006160991033539176,0.0013378330040723085,9.285316338036864e-08,5.997758388519287,0.0016821338795125484,8.23494337964803e-05,4.561995228868909e-05,4.8596325541439e-06,0.0002640238089952618,2.4414593013943886e-08,0.001177379279397428,37.99177169799805,-0.6918853521347046,2.8739051818847656,-5.833644866943359
41,,,2018-02-21-15:23:25,,0,0,0.001829085755161941,0.004538164008408785,0.4352613389492035,0.209852933883667,6.977652446948923e-06,0.004540059715509415,0.02400381490588188,0.1926863193511963,0.08337011933326721,97.99563598632812,8.896650527390193e-09,2.3344675810221815e-06,0.0046739112585783005,2.816647581838083e-09,0.0016328594647347927,6.188304541865364e-05,2.0223555452503206e-07,13.68971061706543,0.07454707473516464,0.00022258989338297397,0.030717968940734863,1.4223459743334388e-07,0.8054779767990112,6.977652446948923e-06,1.3369235603022389e-05,6.847418717370601e-06,1.6351219528587535e-05,0.30757999420166016,1.1800121058058721e-07,0.171041801571846,38.85313415527344,2.5520057678222656,1.2413995265960693,-8.254895210266113
42,,,2018-02-21-15:23:26,,0,0,0.0018290820298716426,0.004520838614553213,0.457234263420105,0.19632968306541443,6.29174683126621e-05,0.004539916757494211,0.0240310188382864,0.19267861545085907,-0.10720062255859375,98.12010955810547,1.4401088321847055e-07,6.29174683126621e-05,1.0015673069574405e-05,1.3163753642686515e-08,0.00021644386288244277,1.1674753295665141e-05,7.150285341595009e-08,2.0127415657043457,1.6282077694995678e-06,0.0005809561116620898,0.2780287563800812,1.6629170431770035e-06,0.177272230386734,1.4483215636573732e-05,0.0039903549477458,1.6245131628789267e-10,1.6306754559991532e-06,0.07976620644330978,1.906898106085464e-08,0.9641571640968323,39.4427490234375,2.225093126296997,5.022993087768555,-9.860288619995117
43,,,2018-02-21-15:23:26,,0,0,0.001829094486311078,0.004135468043386936,1.1962884664535522,0.19349783658981323,0.0015141835901886225,0.004536554217338562,0.024045275524258614,0.19268006086349487,11.520230293273926,98.44745635986328,1.188307408028777e-08,3.806350287050009e-05,0.010543067939579487,1.692947932951938e-07,0.0006757750525139272,0.022264273837208748,5.947066394895728e-09,0.4869646728038788,0.00018631480634212494,0.00025546809774823487,6.242477893829346,3.5841680073644966e-05,0.04028748720884323,0.0015141835901886225,0.03481953963637352,8.95453222682363e-09,2.3169145606516395e-06,36.652992248535156,1.3572526214034042e-08,0.8612425327301025,38.92647171020508,-1.251863956451416,6.135699272155762,-8.327239036560059
44,,,2018-02-21-15:23:26,,0,0,0.0018290820298716426,0.004526623524725437,0.4509884715080261,0.21967491507530212,6.583690264960751e-05,0.00453909020870924,0.024032555520534515,0.19267576932907104,-0.22837066650390625,98.5704116821289,3.4715275099017617e-09,6.583690264960751e-05,0.08725105226039886,1.1300552387183416e-06,2.912276841016137e-06,0.004978280980139971,1.3947979482509254e-07,45.491416931152344,0.0033299638889729977,0.0003017469134647399,0.4066323935985565,3.853675934806233e-06,1.2369188070297241,4.089966751052998e-05,8.745175000512972e-05,5.576612238655798e-07,0.00014023554103914648,0.014053571969270706,3.264252201873319e-10,0.07578947395086288,40.50758743286133,0.8330926299095154,0.14698129892349243,-9.809218406677246
45,,,2018-02-21-15:23:27,,0,0,0.0018290838925167918,0.004528268706053495,1.2474875450134277,0.19280731678009033,2.5394336262252182e-05,0.004539613611996174,0.02403179742395878,0.19267427921295166,-0.07753753662109375,97.40924072265625,7.494710416722228e-07,2.5394336262252182e-05,0.0014554605586454272,0.054442860186100006,2.2607395294471644e-05,0.00126406061463058,2.8838373964390485e-06,23.91857147216797,0.000250340614002198,7.001995982136577e-05,0.17274987697601318,2.5204039957316127e-06,0.006549280136823654,4.624075700121466e-06,0.000625471817329526,1.4877049814288057e-08,0.00012642794172279537,0.025607090443372726,1.0565703689735528e-07,18.91423988342285,40.331031799316406,-3.8651630878448486,7.0398454666137695,-6.790748596191406
46,,,2018-02-21-15:23:27,,0,0,0.0018290786538273096,0.004502042196691036,2.2756240367889404,0.19396917521953583,0.0001186473891721107,0.004539869260042906,0.0240318663418293,0.1926783323287964,0.7857626080513,87.45143127441406,2.4259923847580467e-08,0.0001186473891721107,0.011731491424143314,0.2618393301963806,0.0004643480642698705,5.944535223534331e-05,4.030775016872212e-06,8.069457054138184,1.7588365608389722e-07,1.500116013630759e-05,0.583614706993103,6.800676146667683e-07,0.06320134550333023,3.8727435480723216e-07,0.0002998613053932786,1.465619021701059e-07,0.00019667731248773634,2.7031779289245605,6.959001552786503e-07,12.576967239379883,41.14531707763672,-12.29261589050293,9.620043754577637,-7.147575378417969
47,,,2018-02-21-15:23:27,,0,0,0.001829080400057137,0.004463308025151491,0.5694531798362732,0.20887982845306396,7.935646863188595e-05,0.004521859809756279,0.024105943739414215,0.1926855593919754,-0.6467742919921875,76.13574981689453,1.5849652257315938e-08,7.935646863188595e-05,0.011849450878798962,0.9911307096481323,0.0015282381791621447,0.12033238261938095,3.337579073559027e-06,0.44552966952323914,3.0367100407602265e-06,2.6079484086949378e-05,1.1571323871612549,2.7896701837448745e-08,0.7616422176361084,1.3337265727386693e-06,7.016513700364158e-05,1.724399112390529e-08,8.960982995631639e-07,0.05009213835000992,6.373365835088407e-08,4.635741710662842,41.05046081542969,-16.199317932128906,8.125701904296875,-5.533336639404297
48,,,2018-02-21-15:23:28,,0,0,0.0018290838925167918,0.004516206216067076,2.099276065826416,0.24067333340644836,3.0651019187644124e-05,0.004539799876511097,0.02403862774372101,0.19269850850105286,-0.02683258056640625,85.27942657470703,7.882660923996809e-08,3.0651019187644124e-05,0.00867945421487093,0.0633387640118599,0.0034140627831220627,0.0033494136296212673,6.627852599194739e-06,0.8068938851356506,2.1193251086515374e-05,5.055300789535977e-06,0.35883188247680664,1.311074584009475e-06,2.0981171131134033,7.521572342739091e-08,1.962353508133674e-06,9.240242349051186e-09,2.6191812594333896e-06,0.39639076590538025,2.905322027402235e-08,29.316165924072266,40.12948989868164,-13.216564178466797,6.957341194152832,-4.773672103881836
49,,,2018-02-21-15:23:28,,0,0,0.0018290873849764466,0.00436906423419714,3.1769561767578125,0.19289752840995789,1.3577775462181307e-05,0.004537548869848251,0.024138694629073143,0.19299614429473877,-1.1637802124023438,85.23382568359375,4.659924343286548e-06,1.3577775462181307e-05,0.0020758823957294226,0.0008619349682703614,0.04469222575426102,0.059483591467142105,3.424543592700502e-06,0.2252664864063263,4.129831722821109e-05,4.9291793402517214e-06,2.436429738998413,8.23459959065076e-06,0.01096656359732151,3.8535708313247596e-07,3.3704864108585753e-06,3.294169381717893e-09,4.067657499717825e-08,0.27527564764022827,1.3311363034063106e-07,40.60269546508789,39.96954345703125,-13.23470401763916,7.177886486053467,-3.5048232078552246
50,,,2018-02-21-15:23:28,,0,0,0.0018290751613676548,0.0045525021851062775,0.771649956703186,0.19271370768547058,9.40208847168833e-05,0.004482113756239414,0.02428310550749302,0.19273756444454193,-0.4297332763671875,86.74503326416016,9.40208847168833e-05,4.303218190671032e-07,0.1739823967218399,0.018894189968705177,0.00907213892787695,0.39281728863716125,7.025216177680704e-07,0.03978842869400978,4.083106978214346e-05,5.407584353633865e-07,0.214167520403862,4.118594006286003e-06,0.001956961816176772,5.395409061748069e-06,0.00010303449380444363,6.069931401952999e-08,1.148078183632606e-07,0.0181893203407526,2.8635338367166696e-07,40.967647552490234,39.547393798828125,-12.606996536254883,11.218273162841797,-1.3381999731063843
51,,,2018-02-21-15:23:29,,0,0,0.0018290473381057382,0.004498458467423916,0.9930922389030457,0.19276675581932068,0.000292591197649017,0.004513269755989313,0.024182762950658798,0.1928156614303589,-0.496856689453125,83.88257598876953,0.000292591197649017,1.82983256991065e-07,0.14262233674526215,0.07228635996580124,0.0202815942466259,0.1966441571712494,6.5968015405815095e-06,0.21230661869049072,1.3987848433316685e-05,1.1487143638078123e-05,0.9038668870925903,3.2226358825937496e-07,0.004511643201112747,4.18595845985692e-06,0.00023883208632469177,2.032144941210845e-08,9.20436349360898e-08,0.35423317551612854,5.098130806402423e-09,49.75895690917969,39.23602294921875,-13.752415657043457,15.789556503295898,-0.21780820190906525
52,,,2018-02-21-15:23:29,,0,0,0.001829050830565393,0.004524400923401117,0.9874300956726074,0.19267933070659637,0.00027987765497528017,0.0045404015108942986,0.02404724434018135,0.19272823631763458,-0.1425323486328125,93.09663391113281,0.00027987765497528017,7.395617274141841e-08,0.02293035015463829,0.043586067855358124,0.008109034039080143,0.00465371971949935,6.081673973312718e-07,0.0011796292383223772,0.0004079295613337308,6.208277045516297e-05,0.2615744471549988,8.963105756265577e-06,0.00024594806018285453,5.758317556114889e-08,3.974556238972582e-05,1.696381368709865e-10,2.1329338295572597e-08,0.002557031810283661,4.03999766973584e-09,73.23927307128906,38.83987045288086,-8.991859436035156,18.015949249267578,0.8624687790870667
53,,,2018-02-21-15:23:30,,0,0,0.0018517334247007966,0.004478853661566973,2.9581940174102783,0.3949316143989563,0.06768867373466492,0.004520191811025143,0.023931920528411865,0.19271382689476013,0.07758176326751709,95.67024230957031,4.940220151183894e-06,5.9392200455476996e-06,5.587245323113166e-05,0.04745436832308769,0.0055888015776872635,7.077725967974402e-06,3.523619398038136e-06,0.001080843387171626,2.529366156522883e-06,8.963721484178677e-06,0.5846880674362183,0.06768867373466492,6.821842193603516,0.00012813432840630412,4.463287041289732e-06,1.741436883584413e-09,3.3949557831647326e-08,0.7600069642066956,3.625166300480487e-07,68.80763244628906,38.682682037353516,-6.523019790649414,14.867988586425781,-0.5887408256530762
54,,,2018-02-21-15:23:30,,0,0,0.0,0.0,0.0,0.0,0.0,0.0,0.0,0.0,0.0,0.0,0.0,0.0,0.0,0.0,0.0,0.0,0.0,0.0,0.0,0.0,0.0,0.0,0.0,0.0,0.0,0.0,0.0,0.0,0.0,0.0,0.0,0.0,0.0,0.0
55,,,2018-02-21-15:23:30,,0,0,0.0,0.0,0.0,0.0,0.0,0.0,0.0,0.0,0.0,0.0,0.0,0.0,0.0,0.0,0.0,0.0,0.0,0.0,0.0,0.0,0.0,0.0,0.0,0.0,0.0,0.0,0.0,0.0,0.0,0.0,0.0,0.0,0.0,0.0
56,,,2018-02-21-15:23:31,,0,0,99.93061828613281,5.671655344485771e-06,0.002567392075434327,0.00010677029058570042,100.0,5.834875082655344e-06,3.03568576782709e-05,0.19415481388568878,99.3986587524414,95.18253326416016,5.699280336557422e-08,1.0398075573903043e-06,0.003956732805818319,0.00012098217848688364,0.02358856052160263,1.0847623146958973e-11,5.838370634592138e-05,2.1627994534201278e-11,0.010649495758116245,0.27156519889831543,1.1797255277633667,100.0,0.0,1.7314768001597258e-06,0.00013149761070962995,3.7097572203492746e-05,2.0982463411201024e-06,90.53168487548828,5.500294886218171e-09,87.43466186523438,38.67985916137695,-7.082263469696045,8.26090145111084,-2.962677478790283
57,,,2018-02-21-15:23:31,,0,0,99.93012237548828,5.681291440851055e-06,0.0025456983130425215,0.00010710898641264066,99.95972442626953,6.398304321919568e-06,2.7973703254247084e-05,0.20773248374462128,99.42662811279297,96.62106323242188,8.062077540671453e-06,1.3764001778326929e-05,0.0006269606528803706,0.001709328731521964,0.07242774963378906,7.569432303178303e-10,0.0004324913024902344,2.5198121367253634e-10,0.00022698311659041792,2.9075515270233154,1.1021146774291992,99.95972442626953,0.0013825903879478574,0.00039987475611269474,0.003607275662943721,2.641426726768259e-05,2.7697405258209074e-08,60.827213287353516,2.223570882975423e-09,98.4251480102539,38.60444259643555,-5.23381233215332,6.047088623046875,-1.8357694149017334
58,,,2018-02-21-15:23:31,,0,0,99.93051147460938,5.735447302868124e-06,0.0021848767064511776,0.00010685116285458207,99.99124908447266,6.610581294808071e-06,2.691287772904616e-05,0.21315638720989227,99.79407501220703,94.50333404541016,3.661068248561605e-08,1.217505632666871e-05,0.0003230443107895553,8.744077604205813e-06,0.05418385937809944,1.3707397196471849e-11,8.543330295651685e-06,2.6776884529122746e-11,0.000107873413071502,3.968076705932617,0.37903156876564026,99.99124908447266,0.0009457026608288288,3.900165393133648e-05,0.005393614061176777,3.465414192760363e-05,1.1885747497331067e-08,87.17874145507812,4.3636641748889815e-06,70.56045532226562,39.652374267578125,-7.77753210067749,8.10787582397461,-1.507105827331543
59,,,2018-02-21-15:23:31,,0,0,99.92928314208984,2.76860782832955e-06,0.0024957568384706974,0.00010763478348962963,99.8954086303711,1.1045161954825744e-05,0.00010452578135300428,0.3925410509109497,93.7522201538086,94.72881317138672,1.1032012992018281e-07,0.0012552025727927685,0.004492726176977158,2.1435925257051736e-10,18.627769470214844,1.3194974002317394e-08,3.60840289204134e-07,2.630253306823427e-11,3.347601887071505e-05,0.6011614799499512,1.3161578178405762,99.8954086303711,0.002071303315460682,4.269488272257149e-05,0.000489629921503365,1.1930412711080862e-06,4.7945425407647235e-09,99.22884368896484,1.5948686599731445,40.49338912963867,38.420352935791016,-7.556179523468018,0.4877367615699768,-3.3107411861419678
60,,,2018-02-21-15:23:32,,0,0,99.92837524414062,4.055560566484928e-06,0.00219611544162035,0.0001082365561160259,99.82386779785156,7.637579983565956e-06,5.263764978735708e-05,0.25998273491859436,96.50106811523438,91.5342788696289,4.336548954597674e-06,4.2595733248163015e-05,2.2332827938953415e-05,5.525323132360427e-08,7.983829021453857,1.8541600477206543e-09,2.7543762826098828e-06,8.36155606975808e-08,0.0029456722550094128,0.03588561713695526,2.2057831287384033,99.82386779785156,0.004037544596940279,1.1163779589651313e-07,2.1158368781470926e-06,8.013016667973716e-07,3.427958006341214e-08,24.87827491760254,0.002392748137935996,37.68609619140625,37.87739562988281,-10.0965576171875,4.933464050292969,-7.191013336181641
61,,,2018-02-21-15:23:32,,0,0,99.93006896972656,4.071790954185417e-06,0.00038461675285361707,0.0001071268561645411,99.95626831054688,7.65949152992107e-06,5.354402674129233e-05,0.26351168751716614,97.33728790283203,90.2120590209961,1.0662502972991206e-05,4.4430277057472267e-07,1.312210315518314e-06,1.2086693867985332e-09,8.36397933959961,5.961130894460709e-11,3.9786291381460615e-06,6.0745237533410545e-06,0.028488654643297195,0.006492245942354202,0.289944589138031,99.95626831054688,0.0005095374071970582,4.242415798216825e-06,1.2577477718878072e-05,2.6950843334816454e-07,2.276363098019374e-08,99.98519134521484,3.431507502682507e-05,5.68561315536499,38.12984848022461,-10.894939422607422,7.796084403991699,-4.940113544464111
62,,,2018-02-21-15:23:32,,0,0,99.92327880859375,1.0643155974321417e-06,0.0003243117535021156,0.00011143223673570901,99.44564056396484,2.403111466264818e-05,0.0004988147993572056,0.9095457196235657,87.49085235595703,93.46575164794922,2.43063311700098e-08,7.82133975008037e-06,0.0001522712700534612,7.053579054172587e-09,41.429832458496094,3.0653101584787734e-11,4.54462087873253e-06,6.993224701545842e-07,0.00019796239212155342,0.22150161862373352,0.16016215085983276,99.44564056396484,0.010917176492512226,2.4820346880005673e-05,1.921262992254924e-05,1.945927579072304e-06,8.841042342666583e-10,99.08015441894531,5.363683612813475e-06,6.219152927398682,37.861106872558594,-8.697315216064453,-0.10866768658161163,-6.752781867980957
63,,,2018-02-21-15:23:33,,0,0,99.93061828613281,7.006535724940477e-07,0.0005121527938172221,0.00010677772661438212,99.99911499023438,3.0409795726882294e-05,0.0008346645045094192,1.2326425313949585,83.75233459472656,95.96770477294922,4.4277661004343827e-07,4.733605692308629e-06,0.003607791615650058,3.3827262768681976e-08,49.66991424560547,4.624165494959698e-09,1.1180133697052952e-05,1.4053281347514712e-06,5.107306787976995e-05,0.15084385871887207,2.691164255142212,99.99911499023438,3.1253865017788485e-05,2.1928708520135842e-05,0.00011756722233258188,5.984451831864135e-07,1.5254486562810143e-10,99.34077453613281,2.0779791157110594e-05,34.65346908569336,36.49692153930664,-6.1516289710998535,6.370672225952148,-2.0016183853149414
64,,,2018-02-21-15:23:33,,0,0,0.0,0.0,0.0,0.0,0.0,0.0,0.0,0.0,0.0,0.0,0.0,0.0,0.0,0.0,0.0,0.0,0.0,0.0,0.0,0.0,0.0,0.0,0.0,0.0,0.0,0.0,0.0,0.0,0.0,0.0,0.0,0.0,0.0,0.0
65,,,2018-02-21-15:23:33,,0,0,0.0,0.0,0.0,0.0,0.0,0.0,0.0,0.0,0.0,0.0,0.0,0.0,0.0,0.0,0.0,0.0,0.0,0.0,0.0,0.0,0.0,0.0,0.0,0.0,0.0,0.0,0.0,0.0,0.0,0.0,0.0,0.0,0.0,0.0
66,,,2018-02-21-15:23:33,,0,0,0.0,0.0,0.0,0.0,0.0,0.0,0.0,0.0,0.0,0.0,0.0,0.0,0.0,0.0,0.0,0.0,0.0,0.0,0.0,0.0,0.0,0.0,0.0,0.0,0.0,0.0,0.0,0.0,0.0,0.0,0.0,0.0,0.0,0.0
67,,,2018-02-21-15:23:33,,0,0,0.0,0.0,0.0,0.0,0.0,0.0,0.0,0.0,0.0,0.0,0.0,0.0,0.0,0.0,0.0,0.0,0.0,0.0,0.0,0.0,0.0,0.0,0.0,0.0,0.0,0.0,0.0,0.0,0.0,0.0,0.0,0.0,0.0,0.0
68,,,2018-02-21-15:23:33,,0,0,0.0,0.0,0.0,0.0,0.0,0.0,0.0,0.0,0.0,0.0,0.0,0.0,0.0,0.0,0.0,0.0,0.0,0.0,0.0,0.0,0.0,0.0,0.0,0.0,0.0,0.0,0.0,0.0,0.0,0.0,0.0,0.0,0.0,0.0
69,,,2018-02-21-15:23:34,,0,0,0.0,0.0,0.0,0.0,0.0,0.0,0.0,0.0,0.0,0.0,0.0,0.0,0.0,0.0,0.0,0.0,0.0,0.0,0.0,0.0,0.0,0.0,0.0,0.0,0.0,0.0,0.0,0.0,0.0,0.0,0.0,0.0,0.0,0.0
70,,,2018-02-21-15:23:34,,0,0,0.0,0.0,0.0,0.0,0.0,0.0,0.0,0.0,0.0,0.0,0.0,0.0,0.0,0.0,0.0,0.0,0.0,0.0,0.0,0.0,0.0,0.0,0.0,0.0,0.0,0.0,0.0,0.0,0.0,0.0,0.0,0.0,0.0,0.0
71,,,2018-02-21-15:23:34,,0,0,0.0,0.0,0.0,0.0,0.0,0.0,0.0,0.0,0.0,0.0,0.0,0.0,0.0,0.0,0.0,0.0,0.0,0.0,0.0,0.0,0.0,0.0,0.0,0.0,0.0,0.0,0.0,0.0,0.0,0.0,0.0,0.0,0.0,0.0
72,,,2018-02-21-15:23:34,,0,0,0.0018290820298716426,0.004535485524684191,0.42691850662231445,0.192725270986557,0.0007334386464208364,0.004559771157801151,0.02399754524230957,0.19338782131671906,-0.02516937255859375,87.84430694580078,2.0567326828313526e-06,4.706319305114448e-05,2.2553788312507095e-06,3.438072715411522e-09,0.03293733671307564,2.87951564814648e-07,0.01588197983801365,2.2442691260948777e-06,0.0022385448683053255,0.09879962354898453,0.018975017592310905,2.880729823573347e-07,0.0025375832337886095,0.0007334386464208364,0.0061608050018548965,3.36115191235109e-10,2.420105715827958e-07,1.225247956426756e-07,0.013395209796726704,0.5021719336509705,38.3432502746582,-12.11115837097168,17.886138916015625,-8.851317405700684
73,,,2018-02-21-15:23:34,,0,0,0.0,0.0,0.0,0.0,0.0,0.0,0.0,0.0,0.0,0.0,0.0,0.0,0.0,0.0,0.0,0.0,0.0,0.0,0.0,0.0,0.0,0.0,0.0,0.0,0.0,0.0,0.0,0.0,0.0,0.0,0.0,0.0,0.0,0.0
74,,,2018-02-21-15:23:35,,0,0,0.0018290838925167918,0.004557293374091387,0.42588213086128235,0.19269905984401703,8.326677743752953e-06,0.00453992560505867,0.02403184399008751,0.19267906248569489,-0.029541015625,98.66255187988281,8.326677743752953e-06,2.221770145638402e-08,0.10575403273105621,1.442063551904127e-10,0.0005721876514144242,6.716575740028929e-07,4.4281125610723393e-07,0.041244905441999435,1.1888190783793107e-05,0.0003228579880669713,0.00036438897950574756,3.687237324356829e-07,0.0012508743675425649,3.553125679900404e-06,4.742968940263381e-06,1.5443428480477195e-10,1.645246584303095e-06,0.006368504371494055,7.591582917854112e-10,0.14657463133335114,36.32522964477539,0.49529752135276794,34.489810943603516,-12.848711013793945
75,,,2018-02-21-15:23:35,,0,0,0.0,0.0,0.0,0.0,0.0,0.0,0.0,0.0,0.0,0.0,0.0,0.0,0.0,0.0,0.0,0.0,0.0,0.0,0.0,0.0,0.0,0.0,0.0,0.0,0.0,0.0,0.0,0.0,0.0,0.0,0.0,0.0,0.0,0.0
76,,,2018-02-21-15:23:35,,0,1,0.0,0.0,0.0,0.0,0.0,0.0,0.0,0.0,0.0,0.0,0.0,0.0,0.0,0.0,0.0,0.0,0.0,0.0,0.0,0.0,0.0,0.0,0.0,0.0,0.0,0.0,0.0,0.0,0.0,0.0,0.0,0.0,0.0,0.0
77,,,2018-02-21-15:23:35,,0,1,0.0,0.0,0.0,0.0,0.0,0.0,0.0,0.0,0.0,0.0,0.0,0.0,0.0,0.0,0.0,0.0,0.0,0.0,0.0,0.0,0.0,0.0,0.0,0.0,0.0,0.0,0.0,0.0,0.0,0.0,0.0,0.0,0.0,0.0
78,,,2018-02-21-15:23:35,,0,1,0.0,0.0,0.0,0.0,0.0,0.0,0.0,0.0,0.0,0.0,0.0,0.0,0.0,0.0,0.0,0.0,0.0,0.0,0.0,0.0,0.0,0.0,0.0,0.0,0.0,0.0,0.0,0.0,0.0,0.0,0.0,0.0,0.0,0.0
79,,,2018-02-21-15:23:36,,0,1,0.0,0.0,0.0,0.0,0.0,0.0,0.0,0.0,0.0,0.0,0.0,0.0,0.0,0.0,0.0,0.0,0.0,0.0,0.0,0.0,0.0,0.0,0.0,0.0,0.0,0.0,0.0,0.0,0.0,0.0,0.0,0.0,0.0,0.0
80,,,2018-02-21-15:23:36,,0,1,0.0,0.0,0.0,0.0,0.0,0.0,0.0,0.0,0.0,0.0,0.0,0.0,0.0,0.0,0.0,0.0,0.0,0.0,0.0,0.0,0.0,0.0,0.0,0.0,0.0,0.0,0.0,0.0,0.0,0.0,0.0,0.0,0.0,0.0
81,,,2018-02-21-15:23:36,,0,1,0.0,0.0,0.0,0.0,0.0,0.0,0.0,0.0,0.0,0.0,0.0,0.0,0.0,0.0,0.0,0.0,0.0,0.0,0.0,0.0,0.0,0.0,0.0,0.0,0.0,0.0,0.0,0.0,0.0,0.0,0.0,0.0,0.0,0.0
82,,,2018-02-21-15:23:36,,0,1,0.0,0.0,0.0,0.0,0.0,0.0,0.0,0.0,0.0,0.0,0.0,0.0,0.0,0.0,0.0,0.0,0.0,0.0,0.0,0.0,0.0,0.0,0.0,0.0,0.0,0.0,0.0,0.0,0.0,0.0,0.0,0.0,0.0,0.0
83,,,2018-02-21-15:23:36,,0,1,0.0,0.0,0.0,0.0,0.0,0.0,0.0,0.0,0.0,0.0,0.0,0.0,0.0,0.0,0.0,0.0,0.0,0.0,0.0,0.0,0.0,0.0,0.0,0.0,0.0,0.0,0.0,0.0,0.0,0.0,0.0,0.0,0.0,0.0
84,,,2018-02-21-15:23:36,,0,1,0.0018165159272029996,0.004494192078709602,0.12403339892625809,0.19267117977142334,0.19057565927505493,0.004568515345454216,0.018009701743721962,0.19498197734355927,-5.1100006103515625,68.5111312866211,1.1196095162091524e-09,0.19057565927505493,0.004781086929142475,3.190915587314436e-11,1.9937579054385424e-06,0.00184374931268394,0.0024570340756326914,0.026479393243789673,17.022050857543945,0.0008968678885139525,0.00020408029376994818,0.000184731135959737,1.800342033675406e-05,1.0524943718337454e-05,0.010693191550672054,1.5212166378994474e-12,4.030896434414899e-07,5.772541499027284e-06,0.00559423491358757,0.0007062890217639506,32.736907958984375,-18.113189697265625,18.435958862304688,-17.807628631591797
85,,,2018-02-21-15:23:37,,0,1,0.0,0.0,0.0,0.0,0.0,0.0,0.0,0.0,0.0,0.0,0.0,0.0,0.0,0.0,0.0,0.0,0.0,0.0,0.0,0.0,0.0,0.0,0.0,0.0,0.0,0.0,0.0,0.0,0.0,0.0,0.0,0.0,0.0,0.0
86,,,2018-02-21-15:23:37,,0,1,0.0018290838925167918,0.004537955857813358,0.38177064061164856,0.19375577569007874,4.104345498490147e-05,0.004641571082174778,0.022931620478630066,0.19591909646987915,-0.46469879150390625,94.44554901123047,1.5443984580088e-07,2.7153721021022648e-05,1.1593011777222273e-06,6.768408056245789e-09,0.008026400581002235,0.000224722403800115,0.0013648229651153088,8.79756044014357e-06,1.5270512104034424,0.6573939919471741,0.007183614652603865,1.7310179600826814e-06,0.05282381922006607,4.104345498490147e-05,0.03912133723497391,7.042861294159763e-10,7.008423381194007e-06,1.9507353954395512e-07,0.0005141867441125214,0.09032630920410156,38.24747085571289,-7.832890033721924,18.47188377380371,-9.613667488098145
87,,,2018-02-21-15:23:37,,0,1,0.001829089131206274,0.0044898996129632,0.32825133204460144,0.19277746975421906,8.879981578502338e-06,0.004593429621309042,0.022944174706935883,0.19500908255577087,-1.1764373779296875,90.71359252929688,9.586022287066953e-08,1.129607085204043e-06,3.242794264224358e-05,2.1651085262419656e-05,0.2605794072151184,0.00016382000467274338,0.0017103413119912148,4.3899169099859137e-07,3.6347110271453857,0.09203461557626724,0.014820544049143791,8.879981578502338e-06,0.00509363878518343,2.192774218201521e-06,0.0008443718543276191,1.0252269033728112e-09,8.328170224558562e-06,0.0004722766752820462,1.5637851902283728e-05,1.5993784666061401,37.57392883300781,-10.60422134399414,14.676918029785156,-9.078275680541992
88,,,2018-02-21-15:23:37,,0,1,0.0,0.0,0.0,0.0,0.0,0.0,0.0,0.0,0.0,0.0,0.0,0.0,0.0,0.0,0.0,0.0,0.0,0.0,0.0,0.0,0.0,0.0,0.0,0.0,0.0,0.0,0.0,0.0,0.0,0.0,0.0,0.0,0.0,0.0
89,,,2018-02-21-15:23:37,,0,1,0.001829068292863667,0.0036531349178403616,0.4274594485759735,0.19478489458560944,0.0002488061727490276,0.005456601269543171,0.03468750789761543,0.23685304820537567,-1.6627044677734375,97.60355377197266,7.39243432690273e-07,0.0002488061727490276,1.8496160691938712e-07,5.194742698222399e-07,5.511941432952881,0.00042946459143422544,5.435952516563702e-06,0.02860942669212818,0.006210738327354193,0.0068925293162465096,0.013922339305281639,3.1554945323364336e-09,0.10277736186981201,7.435552106471732e-05,0.06951304525136948,6.269503145805988e-13,8.740196122403177e-09,0.00010479298362042755,0.3774934709072113,2.6727101802825928,38.70513153076172,-3.465348958969116,17.565792083740234,-10.827391624450684
90,,,2018-02-21-15:23:38,,0,1,0.0018290820298716426,0.0033889715559780598,0.891842782497406,0.20660923421382904,3.5586610465543345e-05,0.006427999120205641,0.04662703722715378,0.28354281187057495,-2.9689712524414062,98.77059936523438,1.3545106412493624e-05,3.5586610465543345e-05,4.003192771051545e-06,4.064098538947292e-05,10.113924980163574,8.091530617093667e-05,0.001487797126173973,3.1499617762165144e-05,0.030772635713219643,0.320146381855011,0.026689717546105385,1.6847306483214197e-07,0.658557116985321,1.1055168442908325e-06,0.2966268062591553,2.2387193487904966e-10,3.86649190886601e-07,0.22070936858654022,3.8827385902404785,34.23830032348633,37.9798583984375,0.06863526999950409,17.69913673400879,-9.315619468688965
91,,,2018-02-21-15:23:38,,0,1,0.0018290664302185178,0.004512004554271698,0.6579229831695557,0.19968478381633759,0.0001450323179597035,0.004562868736684322,0.024252934381365776,0.19375188648700714,-0.050811767578125,96.06986999511719,0.0001450323179597035,1.1219478892599e-06,1.6788235370768234e-05,0.0006814227090217173,0.1428731381893158,0.0008189657819457352,1.4575274690287188e-05,0.002622410887852311,0.0024615791626274586,0.009811259806156158,0.01396266184747219,1.101617463916682e-08,0.3370398283004761,6.989757821429521e-07,0.0012979099992662668,7.810735391799994e-11,1.1691387044265866e-05,0.0009984971256926656,0.0002832259051501751,15.820981979370117,38.49234390258789,-6.01798677444458,12.155813217163086,-8.929670333862305
92,,,2018-02-21-15:23:38,,0,1,0.0018290648004040122,0.004491390194743872,1.7799537181854248,59.819496154785156,0.00014241757162380964,0.0045660678297281265,0.024268178269267082,0.19389431178569794,-0.1898956298828125,92.73101806640625,0.00014241757162380964,2.1434361769934185e-05,0.00013358546129893512,0.0005035744979977608,0.15595819056034088,0.002672905335202813,7.201631888165139e-06,14.783387184143066,0.00029988164897076786,0.019580833613872528,0.2825338542461395,1.9598725486957846e-07,62.56890869140625,1.8799486269927002e-06,0.0005470231408253312,5.321125484680778e-12,4.2731418403718635e-08,0.000505850650370121,1.8286058548255824e-05,92.95390319824219,39.88541793823242,-9.269569396972656,12.32841968536377,-9.07415771484375
93,,,2018-02-21-15:23:38,,0,1,0.0018289390718564391,0.004114725161343813,1.968623161315918,0.1928817331790924,0.001101671252399683,0.004914320074021816,0.02808341570198536,0.21052013337612152,-0.726165771484375,85.19823455810547,0.001101671252399683,3.588476715776778e-08,0.0004075158794876188,0.00014102291606832296,2.354379415512085,0.0005345415556803346,4.441275905264774e-06,2.639333724975586,0.02667979523539543,0.022259902209043503,0.024026459082961082,2.7424749760029954e-07,0.009993994608521461,2.615394478766575e-08,0.0036691289860755205,2.0552088676739633e-12,3.675425119809006e-08,0.0024905686732381582,0.000812784768640995,95.85879516601562,44.25023651123047,-13.248830795288086,10.211647033691406,-10.823412895202637
94,,,2018-02-21-15:23:39,,0,1,0.0,0.0,0.0,0.0,0.0,0.0,0.0,0.0,0.0,0.0,0.0,0.0,0.0,0.0,0.0,0.0,0.0,0.0,0.0,0.0,0.0,0.0,0.0,0.0,0.0,0.0,0.0,0.0,0.0,0.0,0.0,0.0,0.0,0.0
95,,,2018-02-21-15:23:39,,0,1,0.001812610193155706,0.004550905432552099,2.874227523803711,0.22162073850631714,0.1246054545044899,0.004614274948835373,0.024599138647317886,0.19256456196308136,-0.09284210205078125,53.67459487915039,0.1246054545044899,2.662857809809793e-07,1.2534292181953788e-06,0.0014169239439070225,0.22390873730182648,2.2753516404350194e-08,2.7182954909221735e-07,5.403225713962456e-06,0.023558486253023148,0.015287981368601322,0.003794399555772543,7.496764737879857e-05,1.2981644868850708,0.0018454027594998479,11.832545280456543,5.478809406156415e-09,8.400352413673318e-08,0.05380348116159439,6.717868622496681e-11,44.84321594238281,44.92760467529297,-21.26375389099121,17.793899536132812,-14.03495979309082
96,,,2018-02-21-15:23:39,,0,1,0.0,0.0,0.0,0.0,0.0,0.0,0.0,0.0,0.0,0.0,0.0,0.0,0.0,0.0,0.0,0.0,0.0,0.0,0.0,0.0,0.0,0.0,0.0,0.0,0.0,0.0,0.0,0.0,0.0,0.0,0.0,0.0,0.0,0.0
97,,,2018-02-21-15:23:39,,0,1,0.0018272167071700096,0.004542142618447542,0.8516756892204285,0.19323721528053284,0.01405936200171709,0.0045494213700294495,0.02403397671878338,0.19264735281467438,-0.0303802490234375,74.92229461669922,0.01405936200171709,6.120452589186698e-09,6.146145636876099e-08,0.0007975607295520604,0.0024740737862885,1.8206761524197645e-05,1.997935683561991e-08,0.0027390597388148308,0.00016596284694969654,0.03302471712231636,0.047588448971509933,2.870426563106321e-09,0.025068316608667374,0.003142905654385686,1.2601041793823242,4.8550154002592e-15,3.76232511811736e-09,1.4604940588469617e-05,2.4153119504433107e-09,67.78289794921875,43.59330749511719,-16.527639389038086,14.319070816040039,-12.682604789733887
98,,,2018-02-21-15:23:39,,0,1,0.0,0.0,0.0,0.0,0.0,0.0,0.0,0.0,0.0,0.0,0.0,0.0,0.0,0.0,0.0,0.0,0.0,0.0,0.0,0.0,0.0,0.0,0.0,0.0,0.0,0.0,0.0,0.0,0.0,0.0,0.0,0.0,0.0,0.0
99,,,2018-02-21-15:23:40,,0,1,0.0018289373256266117,0.004519945941865444,0.4734971523284912,3.983980894088745,0.0027736835181713104,0.004508937709033489,0.02415343001484871,0.1928696185350418,-0.3861541748046875,69.51669311523438,0.0011154557578265667,4.2147499357270135e-07,0.0004193333152215928,0.01543017290532589,0.001880068564787507,0.2499755471944809,0.0001445163507014513,0.000840452965348959,0.0002339976344956085,0.0413091778755188,0.4191713333129883,7.388630263172047e-10,28.87289810180664,0.0027736835181713104,0.00233360193669796,1.4321001329253846e-10,1.2406370331063954e-07,0.002356636803597212,0.05584735795855522,3.6575441360473633,40.89760971069336,-17.878061294555664,15.700092315673828,-3.7130932807922363
100,,,2018-02-21-15:23:40,,0,1,0.0,0.0,0.0,0.0,0.0,0.0,0.0,0.0,0.0,0.0,0.0,0.0,0.0,0.0,0.0,0.0,0.0,0.0,0.0,0.0,0.0,0.0,0.0,0.0,0.0,0.0,0.0,0.0,0.0,0.0,0.0,0.0,0.0,0.0
101,,,2018-02-21-15:23:40,,0,1,0.0,0.0,0.0,0.0,0.0,0.0,0.0,0.0,0.0,0.0,0.0,0.0,0.0,0.0,0.0,0.0,0.0,0.0,0.0,0.0,0.0,0.0,0.0,0.0,0.0,0.0,0.0,0.0,0.0,0.0,0.0,0.0,0.0,0.0
102,,,2018-02-21-15:23:40,0.02194666862487793,0,1,0.0,0.0,0.0,0.0,0.0,0.0,0.0,0.0,0.0,0.0,0.0,0.0,0.0,0.0,0.0,0.0,0.0,0.0,0.0,0.0,0.0,0.0,0.0,0.0,0.0,0.0,0.0,0.0,0.0,0.0,0.0,0.0,0.0,0.0
103,,,2018-02-21-15:23:40,0.22185635566711426,0,1,0.0,0.0,0.0,0.0,0.0,0.0,0.0,0.0,0.0,0.0,0.0,0.0,0.0,0.0,0.0,0.0,0.0,0.0,0.0,0.0,0.0,0.0,0.0,0.0,0.0,0.0,0.0,0.0,0.0,0.0,0.0,0.0,0.0,0.0
104,,,2018-02-21-15:23:41,0.4372434616088867,0,1,0.0,0.0,0.0,0.0,0.0,0.0,0.0,0.0,0.0,0.0,0.0,0.0,0.0,0.0,0.0,0.0,0.0,0.0,0.0,0.0,0.0,0.0,0.0,0.0,0.0,0.0,0.0,0.0,0.0,0.0,0.0,0.0,0.0,0.0
105,,,2018-02-21-15:23:41,0.6318776607513428,0,1,0.0,0.0,0.0,0.0,0.0,0.0,0.0,0.0,0.0,0.0,0.0,0.0,0.0,0.0,0.0,0.0,0.0,0.0,0.0,0.0,0.0,0.0,0.0,0.0,0.0,0.0,0.0,0.0,0.0,0.0,0.0,0.0,0.0,0.0
106,,,2018-02-21-15:23:41,0.8825368881225586,0,1,0.0018266451079398394,0.004541350062936544,0.4502810537815094,0.19282418489456177,0.01836388371884823,0.0045222267508506775,0.024162227287888527,0.1924286186695099,-0.15940093994140625,95.30027770996094,0.01836388371884823,5.695129345895111e-08,0.0005662560579366982,0.017948824912309647,0.002701661316677928,0.15578016638755798,5.7057899539358914e-05,0.07099142670631409,0.000498669280204922,8.2209131505806e-05,0.08741665631532669,3.6068217856843887e-10,0.004130749963223934,1.4022393912682674e-08,0.0028113762382417917,1.5622863246134155e-12,4.6757499205796194e-08,2.499807578715263e-06,4.734400863526389e-05,90.53506469726562,42.505306243896484,-6.952353000640869,12.699447631835938,-6.377574443817139
107,,,2018-02-21-15:23:41,1.0678379535675049,0,1,0.0,0.0,0.0,0.0,0.0,0.0,0.0,0.0,0.0,0.0,0.0,0.0,0.0,0.0,0.0,0.0,0.0,0.0,0.0,0.0,0.0,0.0,0.0,0.0,0.0,0.0,0.0,0.0,0.0,0.0,0.0,0.0,0.0,0.0
108,,,2018-02-21-15:23:42,1.3181400299072266,0,1,0.0018290820298716426,0.004537683911621571,0.428998202085495,0.19284795224666595,3.2743861083872616e-05,0.004046968650072813,0.026193197816610336,0.19267705082893372,-2.4299545288085938,96.63309478759766,3.2743861083872616e-05,3.6359605104507864e-08,0.00012843824515584856,0.22787915170192719,3.689958975883201e-05,3.4483954906463623,3.840673525701277e-05,10.358296394348145,0.0011339813936501741,0.0007816216675564647,0.03133833408355713,3.706170370598727e-10,0.008532135747373104,2.316118212775109e-07,0.004242016468197107,4.431622169925875e-13,1.8691106618007325e-07,4.71901522303142e-08,2.1700174102079473e-08,28.86687469482422,44.919551849365234,-5.215367317199707,9.847648620605469,-8.459806442260742
109,,,2018-02-21-15:23:42,1.5858604907989502,0,1,0.0018290838925167918,0.004528428427875042,0.45393624901771545,0.19277380406856537,6.414335530280368e-06,0.004539267159998417,0.024032143875956535,0.1926783323287964,-0.087646484375,93.83560943603516,6.414335530280368e-06,6.474970177805517e-07,6.55629119137302e-05,0.0015770765021443367,0.00040407394408248365,0.004281442146748304,5.994804814690724e-05,0.2450837790966034,0.004735145717859268,0.0004262606962583959,0.16613589227199554,8.889627700625624e-09,0.004910361487418413,6.222738875294453e-07,0.0007770226802676916,9.165395222290873e-13,2.191278269947361e-09,9.323601375399448e-07,7.001718760335507e-09,13.363959312438965,44.38791275024414,-8.386222839355469,7.7135796546936035,-10.411233901977539
110,,,2018-02-21-15:23:42,1.8456809520721436,0,2,0.0018290751613676548,0.004531063139438629,0.5705276727676392,0.21847665309906006,7.834357529645786e-05,0.00454129371792078,0.02402302250266075,0.1927255541086197,-0.065582275390625,93.72071838378906,7.834357529645786e-05,3.227370726222034e-08,7.152648890951241e-07,0.06661335378885269,0.0003476745914667845,0.0011062613921239972,5.018993761041202e-06,0.05898977443575859,0.002640038263052702,0.010550599545240402,0.12777438759803772,1.6671254376987577e-09,1.1853097677230835,1.439543666492682e-06,0.0018021634314209223,1.2275929242317601e-13,6.239007227515359e-11,8.082369276962709e-06,3.0206521728359803e-09,79.38121032714844,44.21573257446289,-8.4846830368042,4.836704730987549,-11.228060722351074
111,,,2018-02-21-15:23:42,2.1222143173217773,0,2,0.0018289897125214338,0.004525082651525736,2.558534622192383,0.19512604176998138,0.0007173758349381387,0.004541133530437946,0.024029023945331573,0.1927029937505722,-0.10968017578125,93.29803466796875,0.0007173758349381387,3.643582857648653e-08,4.628513579518767e-06,0.03886284679174423,0.0011138537665829062,0.00026201290893368423,1.3845785360899754e-05,0.15877367556095123,0.00020627885533031076,0.006621245760470629,0.217768132686615,1.7468683444210598e-10,0.119151771068573,3.084501940975315e-06,0.00020083930576220155,4.078214762420762e-12,1.239153002430271e-09,2.1517082132049836e-05,5.3756225165679794e-11,84.53466033935547,43.665992736816406,-8.833006858825684,5.3147807121276855,-11.451192855834961
112,,,2018-02-21-15:23:43,2.379471778869629,0,2,0.001829071668908,0.0045326403342187405,2.7175660133361816,0.19305658340454102,0.00011066559818573296,0.00453754048794508,0.02403654158115387,0.1927775740623474,-0.07859039306640625,92.59060668945312,0.00011066559818573296,3.299486479590996e-07,5.935694957770465e-07,25.01102638244629,0.0002611435193102807,0.0369207039475441,3.2020390790421516e-05,0.0014242451870813966,0.0003660067159216851,0.02157890796661377,0.10503832995891571,8.009001239983604e-10,0.018711106851696968,1.6245257938862778e-06,0.00032554473727941513,1.0827468262253337e-11,9.096694952859252e-08,1.1310055015201215e-05,3.4835978546254864e-10,51.72555923461914,44.4256591796875,-9.372801780700684,4.971967697143555,-10.20215129852295
113,,,2018-02-21-15:23:43,2.6407976150512695,0,2,0.0018290315056219697,0.004522912669926882,3.037965774536133,0.19446930289268494,0.00040422810707241297,0.00454586511477828,0.024003516882658005,0.19286346435546875,-0.1251373291015625,94.12673950195312,0.00040422810707241297,1.1818568168564525e-07,4.883894234808395e-06,0.34616053104400635,0.0023774923756718636,0.0001954302133526653,0.0002240353060187772,0.10556721687316895,0.006194685585796833,0.0371517539024353,0.24446609616279602,4.0455941374695215e-10,0.08741389960050583,8.30526460049441e-06,0.00020300725009292364,1.1639887838310603e-11,1.2637100610390917e-07,3.1952963581716176e-06,6.482288039677542e-10,82.9706039428711,43.87110137939453,-8.128840446472168,4.558655738830566,-10.280306816101074
114,,,2018-02-21-15:23:43,2.9010374546051025,0,2,0.0018290820298716426,0.0045348540879786015,1.8937091827392578,0.19339168071746826,2.20738638745388e-05,0.004543372895568609,0.024030011147260666,0.19282537698745728,-0.03078460693359375,92.3261489868164,2.20738638745388e-05,2.1659371896021185e-07,1.503793896517891e-06,0.11896855384111404,0.007826806977391243,0.0040877931751310825,6.894032594573218e-06,0.0032074113842099905,0.0006239847862161696,0.019908420741558075,0.050918903201818466,1.4544526694137971e-10,0.035080693662166595,7.745888979115989e-07,0.00014576822286471725,2.669899891449834e-12,6.528199314459471e-09,0.0002119118144037202,2.5357894628541544e-07,83.2347183227539,43.061161041259766,-9.562458992004395,4.875282287597656,-10.762433052062988
115,,,2018-02-21-15:23:43,3.2057652473449707,0,2,0.001829085755161941,0.004526895470917225,2.113685131072998,0.20496831834316254,8.465760402032174e-06,0.004551374353468418,0.023969555273652077,0.19307884573936462,-0.0996551513671875,94.62089538574219,2.1099046989547787e-06,2.0774780296051176e-07,7.298369837371865e-07,1.1718441247940063,0.0005422492977231741,0.0074959369376301765,1.2307858696658514e-06,0.20603714883327484,0.0006513050175271928,0.08342885226011276,0.18810951709747314,4.803004174935843e-11,0.5833550095558167,8.465760402032174e-06,0.0012182587524875998,1.6143484389986168e-13,1.6952921289004053e-09,5.0913945415231865e-06,2.78329768121921e-08,26.277896881103516,44.20896911621094,-7.663215160369873,3.785311222076416,-10.826956748962402
116,,,2018-02-21-15:23:44,3.494995594024658,0,2,0.0018287611892446876,0.004533552564680576,2.616910457611084,0.23944470286369324,0.0024392835330218077,0.004546762444078922,0.024005554616451263,0.19283941388130188,-0.0524444580078125,93.19420623779297,0.0024392835330218077,6.050904488574815e-08,1.1120113185825176e-06,0.02977488934993744,0.0012720783706754446,1.564972808409948e-05,7.658946969968383e-07,0.1474592238664627,0.00030755222542211413,0.039915185421705246,0.10352815687656403,4.948068177412779e-09,2.049398183822632,1.518096610197972e-06,0.0001718528801575303,4.44477094019291e-12,4.912894535635814e-10,0.0013462031492963433,1.3842014645604195e-08,88.07556915283203,42.15605926513672,-8.915447235107422,3.4415488243103027,-9.116354942321777
117,,,2018-02-21-15:23:44,3.800093650817871,0,2,0.001829085755161941,0.004521312657743692,0.8572973012924194,0.6897256970405579,3.166684473399073e-05,0.004541821777820587,0.02402259036898613,0.19274106621742249,-0.13512420654296875,93.96427154541016,2.6394920951133827e-06,2.646060011102236e-06,8.399640137213282e-06,0.0051198783330619335,0.000969299057032913,0.00013101118383929133,3.8472277083201334e-05,0.02415676787495613,0.0003129109682049602,0.012605787254869938,0.269267201423645,3.3291325252093884e-08,12.049782752990723,3.166684473399073e-05,0.00026576488744467497,2.1422375592189402e-12,8.113000937726156e-09,3.667019700515084e-05,1.4301934747606992e-08,54.945045471191406,44.102943420410156,-8.273903846740723,-0.5025829672813416,-10.110342025756836
118,,,2018-02-21-15:23:44,4.110002279281616,0,2,0.0018290195148438215,0.004537389613687992,1.7149947881698608,0.19287100434303284,0.00038040056824684143,0.004540397319942713,0.02402968890964985,0.19268997013568878,-0.01758575439453125,94.61771392822266,0.00030397027148865163,0.00038040056824684143,1.5615125448675826e-05,9.342836710857227e-05,0.00033658757456578314,0.00018844901933334768,5.2685054470202886e-06,3.5086605548858643,0.0003715443308465183,0.002887032926082611,0.03490061312913895,6.55214660305603e-10,0.009610232897102833,1.3037879398325458e-06,1.3999911971041001e-05,4.634117742319255e-12,1.364020807415045e-08,0.0007622874109074473,3.950348855141783e-06,21.09727668762207,43.458065032958984,-7.6663408279418945,3.8271617889404297,-10.443785667419434
119,,,2018-02-21-15:23:45,4.398776292800903,0,2,0.0018290227744728327,0.004538964480161667,0.4287065863609314,0.19287504255771637,0.0009097759029828012,0.004540319554507732,0.024037962779402733,0.1927313208580017,-0.017364501953125,94.74608612060547,1.4303373063739855e-05,0.0009097759029828012,2.885465846702573e-06,6.307075750555668e-07,0.005697567947208881,0.004379254765808582,1.4995262063166592e-06,0.04310726746916771,0.008575988002121449,0.0012659354833886027,0.023015359416604042,6.6331287129628436e-09,0.009856205433607101,4.014601472590584e-06,0.00025491323322057724,8.267619987060992e-13,2.3023298822977267e-09,0.003743852721527219,0.013487877324223518,0.43582069873809814,43.71663284301758,-7.538864612579346,4.346899509429932,-12.392814636230469
120,2018-02-18-11:23:28,2018-02-18 11:23:28.073990,2018-02-21-15:23:45,4.7309794425964355,273617.3532204628,3,0.00182905956171453,0.0039787390269339085,0.5690750479698181,0.19526566565036774,0.000298463914077729,0.00503722857683897,0.02958163432776928,0.21662239730358124,-1.009674072265625,91.8166732788086,4.195523069938645e-05,0.000298463914077729,1.9173710370523622e-06,0.000154495079186745,3.123716354370117,0.014425821602344513,0.00040552509017288685,0.0036373701877892017,0.024924322962760925,0.009753070771694183,0.1314399093389511,2.8649607686226375e-10,0.12601861357688904,1.539737786515616e-05,0.0012174202129244804,3.232315402747904e-13,1.6622200282867539e-09,0.02717708796262741,0.006334549281746149,25.91004753112793,43.0086669921875,-9.911523818969727,3.3262455463409424,-10.354636192321777
121,2018-02-18-11:23:28,2018-02-18 11:23:28.322689,2018-02-21-15:23:45,4.980172872543335,273617.3532204628,3,0.0,0.0,0.0,0.0,0.0,0.0,0.0,0.0,0.0,0.0,0.0,0.0,0.0,0.0,0.0,0.0,0.0,0.0,0.0,0.0,0.0,0.0,0.0,0.0,0.0,0.0,0.0,0.0,0.0,0.0,0.0,0.0,0.0,0.0
122,2018-02-18-11:23:28,2018-02-18 11:23:28.554627,2018-02-21-15:23:45,5.209808826446533,273617.3532204628,3,0.0018290838925167918,0.004509862512350082,2.499368667602539,0.19287356734275818,1.1531333257153165e-05,0.004526752512902021,0.024084096774458885,0.19269411265850067,-0.28313446044921875,85.2752456665039,7.787221875332762e-06,1.1531333257153165e-05,2.013031689784839e-06,1.484653115272522,0.001516053220257163,0.08980399370193481,4.5635923015652224e-05,0.3782554864883423,0.004716645460575819,0.0020089074969291687,0.43678098917007446,2.740175586435356e-10,0.009786461479961872,3.7276872717484366e-06,0.0003914365661330521,2.969905571470477e-12,2.326654957585106e-08,2.489948383299634e-05,9.943158296721322e-09,75.21114349365234,44.12884521484375,-13.218230247497559,2.831381320953369,-9.457382202148438
123,2018-02-18-11:23:28,2018-02-18 11:23:28.838353,2018-02-21-15:23:46,5.495537519454956,273617.3532204628,3,0.0018290786538273096,0.004525747150182724,2.980681896209717,0.19278857111930847,4.5710974518442526e-05,0.004538765177130699,0.024027695879340172,0.19268785417079926,-0.11576080322265625,91.72052764892578,4.5710974518442526e-05,2.3507268451794516e-06,3.0339890599861974e-06,0.5217333436012268,0.00023478202638216317,0.009844989515841007,5.328422503225738e-06,0.30042076110839844,0.019055955111980438,0.0027785946149379015,0.20615710318088531,2.582925817673498e-10,0.005625944118946791,2.0103910003399506e-07,0.0002696263836696744,9.582565643762031e-12,2.7879467623392884e-08,2.7648355171550065e-05,4.773653139444889e-10,92.5045394897461,43.563453674316406,-9.975163459777832,-0.1226155161857605,-12.016369819641113
124,2018-02-18-11:23:29,2018-02-18 11:23:29.117402,2018-02-21-15:23:46,5.7742815017700195,273617.3532204628,3,0.001829085755161941,0.004528207704424858,2.062696695327759,0.21171274781227112,5.341416908777319e-06,0.00454271025955677,0.02401409111917019,0.19276967644691467,-0.08676910400390625,88.03950500488281,2.37107633438427e-06,7.734001172821081e-08,4.0641853615852597e-07,0.09101896733045578,5.230697206570767e-05,0.0006690470036119223,2.2507151697936933e-07,0.26092129945755005,0.004056357778608799,0.01993514597415924,0.17014172673225403,1.0643586012548667e-09,0.8886974453926086,5.341416908777319e-06,0.00019084593805018812,4.698973957335817e-13,1.4980887641513618e-09,7.006258329056436e-06,5.826222282401261e-10,73.85152435302734,44.182655334472656,-12.019120216369629,2.1022000312805176,-10.357686996459961
125,2018-02-18-11:23:29,2018-02-18 11:23:29.438273,2018-02-21-15:23:46,6.095673561096191,273617.3532204628,3,0.001829077024012804,0.004510520491749048,2.0312061309814453,0.6688293814659119,7.138695218600333e-05,0.004562311805784702,0.02391406148672104,0.19338873028755188,-0.21537017822265625,92.74327850341797,7.138695218600333e-05,8.30170989729595e-08,1.9397197092985152e-07,0.0005603708559647202,0.0006775056826882064,1.9925077140214853e-05,8.744690376261133e-07,0.07260344922542572,0.000849157280754298,0.14769694209098816,0.4297575354576111,1.1414109657437166e-09,11.758241653442383,1.4982598486312781e-06,0.0002009377785725519,2.929056465688501e-13,1.6923360490750383e-09,8.42529232158995e-07,1.439925262358699e-10,62.794921875,43.560123443603516,-9.26046371459961,-1.5246739387512207,-10.04633903503418
126,2018-02-18-11:23:29,2018-02-18 11:23:29.720103,2018-02-21-15:23:47,6.376934051513672,273617.3532204628,3,0.001829085755161941,0.004532692953944206,0.4568188488483429,0.5048215389251709,1.6385203707613982e-05,0.004552263766527176,0.023965030908584595,0.19307203590869904,-0.05271148681640625,93.20697021484375,3.1530194632978237e-07,9.053205758391414e-06,6.0584050515899435e-05,86.12908172607422,2.4629727704450488e-05,0.0004435072769410908,2.405225495749619e-05,4.921570777893066,0.0006074585835449398,0.08276108652353287,0.10436957329511642,6.74192701666243e-10,9.094968795776367,1.6385203707613982e-05,0.0010723586892709136,1.4279991035134887e-12,1.3415790078852297e-07,1.4998098777141422e-05,1.796792226116395e-08,34.63954162597656,46.42709732055664,-8.90537166595459,3.5516324043273926,-8.069656372070312
127,2018-02-18-11:23:30,2018-02-18 11:23:30.054618,2018-02-21-15:23:47,6.711848020553589,273617.3532204628,3,0.001829085755161941,0.004536061082035303,0.6008244156837463,2.4421546459198,1.535476440039929e-05,0.004540982190519571,0.024024581536650658,0.19271160662174225,-0.02771759033203125,93.64036560058594,1.3920557648816612e-06,4.834873379877536e-06,1.3422994925349485e-05,2.3915252685546875,2.8643580662901513e-05,2.3443108148057945e-06,0.00020306299848016351,0.022027993574738503,0.0006281114765442908,0.00787552259862423,0.054879773408174515,4.096127437236419e-09,24.117036819458008,1.535476440039929e-05,0.0005013415357097983,1.8179028161285915e-12,8.82001458535342e-08,1.1080483091063797e-05,8.827558128920998e-11,20.224782943725586,45.09148406982422,-8.552549362182617,4.103461265563965,-8.05128002166748
128,2018-02-18-11:23:30,2018-02-18 11:23:30.333800,2018-02-21-15:23:47,6.990983009338379,273617.3532204628,3,0.0018290838925167918,0.0045260232873260975,2.86903977394104,0.19274665415287018,1.212117240356747e-05,0.004539843648672104,0.0240310188382864,0.1926852911710739,-0.10302734375,95.2792739868164,1.212117240356747e-05,1.8405304444968351e-06,5.159611100680195e-05,1.8676893711090088,0.0012385944137349725,0.0015263226814568043,8.003197581274435e-05,0.01295632403343916,0.006351837422698736,0.0006296306382864714,0.19927164912223816,8.627366043789664e-10,0.0035776756703853607,3.364801841598819e-06,0.00018269199063070118,8.892898895572487e-13,1.1099997720975807e-07,3.3789312965382123e-06,8.64100180297811e-10,71.8853988647461,44.26935958862305,-6.9757513999938965,5.010998725891113,-10.157122611999512
129,2018-02-18-11:23:30,2018-02-18 11:23:30.543774,2018-02-21-15:23:47,7.20129132270813,273617.3532204628,3,0.0,0.0,0.0,0.0,0.0,0.0,0.0,0.0,0.0,0.0,0.0,0.0,0.0,0.0,0.0,0.0,0.0,0.0,0.0,0.0,0.0,0.0,0.0,0.0,0.0,0.0,0.0,0.0,0.0,0.0,0.0,0.0,0.0,0.0
130,2018-02-18-11:23:30,2018-02-18 11:23:30.842189,2018-02-21-15:23:48,7.49902606010437,273617.3532204628,3,0.0,0.0,0.0,0.0,0.0,0.0,0.0,0.0,0.0,0.0,0.0,0.0,0.0,0.0,0.0,0.0,0.0,0.0,0.0,0.0,0.0,0.0,0.0,0.0,0.0,0.0,0.0,0.0,0.0,0.0,0.0,0.0,0.0,0.0
131,2018-02-18-11:23:31,2018-02-18 11:23:31.084410,2018-02-21-15:23:48,7.741842031478882,273617.3532204628,3,0.0018290820298716426,0.004527443554252386,0.9935719966888428,0.19535841047763824,4.720118158729747e-05,0.004540111869573593,0.0240157637745142,0.1926889717578888,-0.101898193359375,92.10771942138672,6.623982358178182e-07,4.720118158729747e-05,0.0001985502167372033,84.65824127197266,0.00027652730932459235,0.0008618971332907677,2.244149800390005e-05,0.042316991835832596,0.03542172908782959,0.0026890819426625967,0.18106384575366974,2.913301599960505e-08,0.13050292432308197,2.825125875460799e-06,0.0004926951951347291,2.1161614127684913e-12,2.696457386264228e-07,4.0757622628007084e-05,7.201955298796747e-08,40.35197830200195,44.52342224121094,-9.714634895324707,8.993968963623047,-9.803437232971191
132,2018-02-18-11:23:31,2018-02-18 11:23:31.320430,2018-02-21-15:23:48,7.977680206298828,273617.3532204628,3,0.0018290751613676548,0.004529668018221855,0.7068556547164917,3.4489567279815674,7.857718446757644e-05,0.004540956113487482,0.02402588725090027,0.19271227717399597,-0.0747528076171875,90.70396423339844,7.857718446757644e-05,7.604872735100798e-06,1.101233522149414e-07,12.985054969787598,0.00035496283089742064,0.0005515916855074465,1.6190602764254436e-05,0.2687389850616455,0.00032124336576089263,0.0077482894994318485,0.1482599675655365,1.6124015900231825e-08,27.46351432800293,1.0548496902629267e-05,0.00030364436679519713,1.3546351540494328e-12,1.6340386821411812e-09,3.5827490592055256e-06,8.152385433390918e-09,72.05416107177734,44.44899368286133,-10.60993480682373,6.9741973876953125,-8.795058250427246
133,2018-02-18-11:23:31,2018-02-18 11:23:31.543102,2018-02-21-15:23:48,8.200533390045166,273617.3532204628,3,0.0018290227744728327,0.004513545893132687,2.2252469062805176,0.3203680217266083,0.0004658890247810632,0.00454205134883523,0.024024855345487595,0.19274410605430603,-0.19373321533203125,98.2281494140625,0.0004658890247810632,1.9070409962296253e-07,8.857897881853205e-08,0.1928044557571411,0.0020922154653817415,0.0009992229752242565,2.0743765816177984e-08,0.4335762858390808,0.001892145024612546,0.01293724961578846,0.3836488723754883,2.0546526258158337e-08,4.797600269317627,1.4205278603185434e-05,0.00011216053826501593,3.319160571391144e-11,7.780051047845404e-10,0.00032799100154079497,4.176416368295577e-08,94.53766632080078,42.892276763916016,1.923682689666748,2.3626227378845215,-11.271170616149902
134,2018-02-18-11:23:31,2018-02-18 11:23:31.805123,2018-02-21-15:23:49,8.46229076385498,273617.3532204628,3,0.0018290838925167918,0.00451454846188426,0.5654076933860779,0.24128614366054535,7.444109542120714e-06,0.004541865549981594,0.02404850907623768,0.19277474284172058,-0.1739349365234375,93.44859313964844,7.444109542120714e-06,5.137876541994046e-07,7.99616088897892e-07,0.10762633383274078,0.011975274421274662,0.0013792170211672783,5.891482487641042e-06,1.0022296905517578,0.00048167590284720063,0.0031145187094807625,0.3384873569011688,1.3848346913647447e-09,2.122105598449707,3.312193257443141e-06,3.382968861842528e-05,4.9001595966644e-13,3.933603998085289e-10,4.052340955240652e-05,3.7164245014764674e-08,87.9049072265625,43.2174072265625,-8.711343765258789,1.4862393140792847,-8.663556098937988
135,2018-02-18-11:23:32,2018-02-18 11:23:32.148035,2018-02-21-15:23:49,8.80476999282837,273617.3532204628,3,0.001829085755161941,0.004522420931607485,0.4600468575954437,1.0939443111419678,0.0002588870411273092,0.0045522465370595455,0.023994388058781624,0.1930992305278778,-0.11498260498046875,90.72037506103516,3.233942607039353e-06,1.2824628470298194e-07,5.284315193421207e-06,0.02438577264547348,0.01227744109928608,0.00013530456635635346,1.964810280696838e-06,0.06661932915449142,0.0011496833758428693,0.07006429880857468,0.2214633673429489,2.8429978371491416e-09,16.42935562133789,0.0002588870411273092,0.003926335368305445,2.309414866372844e-13,1.2067705168483656e-10,1.5447207260876894e-05,8.059093947743179e-10,28.096698760986328,43.89894104003906,-10.600196838378906,1.7484281063079834,-8.596868515014648
136,2018-02-18-11:23:32,2018-02-18 11:23:32.420937,2018-02-21-15:23:49,9.078254699707031,273617.3532204628,3,0.0018268368439748883,0.004543299321085215,0.4261392056941986,0.19369463622570038,0.03384311497211456,0.004556880798190832,0.02395237609744072,0.19346635043621063,-0.00661468505859375,97.53067016601562,8.37990787871945e-10,0.03384311497211456,0.01028191577643156,4.9641043500196075e-15,0.0021214568987488747,1.924199040104213e-07,0.0006111612310633063,3.964267307310365e-06,0.0006410412606783211,0.0768013671040535,0.005032873712480068,4.430017241929818e-09,0.049845822155475616,9.707116078061517e-06,0.21613889932632446,8.184901324412297e-13,1.615646283426031e-08,7.1999020292423666e-06,0.07234056293964386,0.0005084687727503479,45.65837860107422,-3.6189095973968506,2.5159544944763184,-8.307014465332031
137,2018-02-18-11:23:32,2018-02-18 11:23:32.682830,2018-02-21-15:23:50,9.340140104293823,273617.3532204628,3,0.0018290838925167918,0.004539449233561754,0.42632803320884705,0.19906102120876312,0.009825864806771278,0.004551590885967016,0.023969167843461037,0.1930496096611023,-0.0077056884765625,98.35163116455078,6.1809877216489895e-09,1.8699001884669997e-05,0.00023556248925160617,4.0716877786062255e-11,0.0001754768454702571,0.0001489191927248612,9.152499842457473e-06,0.09256948530673981,0.0002657899749465287,0.07784943282604218,0.005000671837478876,3.8460768315810856e-13,0.3075627088546753,0.009825864806771278,0.0264674574136734,5.425063523412099e-11,2.8136329888184264e-07,5.1848859584424645e-05,6.002307486596692e-07,0.020619960501790047,44.33378982543945,1.5561875104904175,-6.524560451507568,-11.826099395751953
138,2018-02-18-11:23:32,2018-02-18 11:23:32.846584,2018-02-21-15:23:50,9.502159595489502,273617.3532204628,3,0.0,0.0,0.0,0.0,0.0,0.0,0.0,0.0,0.0,0.0,0.0,0.0,0.0,0.0,0.0,0.0,0.0,0.0,0.0,0.0,0.0,0.0,0.0,0.0,0.0,0.0,0.0,0.0,0.0,0.0,0.0,0.0,0.0,0.0
139,2018-02-18-11:23:33,2018-02-18 11:23:33.084808,2018-02-21-15:23:50,9.741255283355713,273617.3532204628,3,0.0018290786538273096,0.004538362845778465,0.4266526699066162,2.0161478519439697,0.00013682979624718428,0.004526295233517885,0.024065272882580757,0.19324108958244324,-0.14734649658203125,93.92350769042969,1.7889323356001796e-10,9.400528506375849e-05,0.0004692506918217987,2.8225111137203385e-08,0.0022662992123514414,0.20589473843574524,8.428044566244353e-06,1.3732229471206665,0.004136753734201193,0.1142556220293045,0.015632184222340584,1.7792137207983671e-10,22.271867752075195,0.00013682979624718428,0.006619781255722046,7.428561161759717e-07,1.0095059899128955e-08,0.016826242208480835,7.72961211623624e-05,0.00584327382966876,40.532859802246094,8.309736251831055,-23.68027114868164,-11.168612480163574
140,2018-02-18-11:23:33,2018-02-18 11:23:33.349181,2018-02-21-15:23:50,10.006250143051147,273617.3532204628,3,0.001829080400057137,0.004539302084594965,0.42623308300971985,0.7512393593788147,7.975995686138049e-05,0.0045296805910766125,0.024052336812019348,0.19323556125164032,-0.13120269775390625,87.65650177001953,2.8316711198073108e-09,7.975995686138049e-05,0.0018526570638641715,2.4559518863043195e-08,0.0017715033609420061,0.18261472880840302,1.1214134246984031e-05,0.7175183296203613,0.0002703102072700858,0.1138957068324089,0.006474249064922333,1.2862726161966265e-10,12.859664916992188,6.83922044117935e-05,0.013328724540770054,6.132588623586344e-07,2.1619779744241896e-08,0.0026706301141530275,1.605457811137967e-07,0.007854312658309937,41.00007629394531,12.19852066040039,-22.705801010131836,-9.063628196716309
141,2018-02-18-11:23:33,2018-02-18 11:23:33.593827,2018-02-21-15:23:50,10.251309394836426,273617.3532204628,3,0.0018290820298716426,0.004537068773061037,0.4264596402645111,73.48085021972656,4.519475987763144e-05,0.004547078628093004,0.02401464246213436,0.19295793771743774,-0.004852294921875,94.70370483398438,3.1431703462203586e-08,4.519475987763144e-05,0.00014528052997775376,1.8600143221192411e-06,0.0101793073117733,0.0058276536874473095,1.8687949705054052e-05,0.009838626720011234,0.0032064325641840696,0.0437508299946785,0.011872353963553905,1.704678204150767e-10,68.41560363769531,1.9793715182458982e-05,0.00846775434911251,4.093723759979184e-08,5.990258067356535e-09,0.023099668323993683,4.8845233635574914e-08,0.10161801427602768,40.00803756713867,7.581273555755615,-23.925798416137695,-7.698835372924805
