frame_number, elapsed_time (sec), localtime,emotion-1,emotion-2,emotion-3,emotion-4,emotion-5,emotion-6,emotion-7,emotion-8,emotion-9,expression-1,expression-2,expression-3,expression-4,expression-5,expression-6,expression-7,expression-8,expression-9,expression-10,expression-11,expression-12,expression-13,expression-14,expression-15,expression-16,expression-17,expression-18,expression-19,expression-20,expression-21,measurement-1,measurement-2,measurement-3,measurement-4
1,3.0279159545898438e-05,2018-1-20-11-5-56-5-20-0,0.0,0.0,0.0,0.0,0.0,0.0,0.0,0.0,0.0,0.0,0.0,0.0,0.0,0.0,0.0,0.0,0.0,0.0,0.0,0.0,0.0,0.0,0.0,0.0,0.0,0.0,0.0,0.0,0.0,0.0,0.0,0.0,0.0,0.0
2,0.3342430591583252,2018-1-20-11-5-57-5-20-0,0.0,0.0,0.0,0.0,0.0,0.0,0.0,0.0,0.0,0.0,0.0,0.0,0.0,0.0,0.0,0.0,0.0,0.0,0.0,0.0,0.0,0.0,0.0,0.0,0.0,0.0,0.0,0.0,0.0,0.0,0.0,0.0,0.0,0.0
3,0.6314687728881836,2018-1-20-11-5-57-5-20-0,0.0,0.0,0.0,0.0,0.0,0.0,0.0,0.0,0.0,0.0,0.0,0.0,0.0,0.0,0.0,0.0,0.0,0.0,0.0,0.0,0.0,0.0,0.0,0.0,0.0,0.0,0.0,0.0,0.0,0.0,0.0,0.0,0.0,0.0
4,0.9079470634460449,2018-1-20-11-5-57-5-20-0,0.0,0.0,0.0,0.0,0.0,0.0,0.0,0.0,0.0,0.0,0.0,0.0,0.0,0.0,0.0,0.0,0.0,0.0,0.0,0.0,0.0,0.0,0.0,0.0,0.0,0.0,0.0,0.0,0.0,0.0,0.0,0.0,0.0,0.0
5,1.1911587715148926,2018-1-20-11-5-58-5-20-0,0.0,0.0,0.0,0.0,0.0,0.0,0.0,0.0,0.0,0.0,0.0,0.0,0.0,0.0,0.0,0.0,0.0,0.0,0.0,0.0,0.0,0.0,0.0,0.0,0.0,0.0,0.0,0.0,0.0,0.0,0.0,0.0,0.0,0.0
6,1.4515461921691895,2018-1-20-11-5-58-5-20-0,0.0,0.0,0.0,0.0,0.0,0.0,0.0,0.0,0.0,0.0,0.0,0.0,0.0,0.0,0.0,0.0,0.0,0.0,0.0,0.0,0.0,0.0,0.0,0.0,0.0,0.0,0.0,0.0,0.0,0.0,0.0,0.0,0.0,0.0
7,1.7310843467712402,2018-1-20-11-5-58-5-20-0,0.0,0.0,0.0,0.0,0.0,0.0,0.0,0.0,0.0,0.0,0.0,0.0,0.0,0.0,0.0,0.0,0.0,0.0,0.0,0.0,0.0,0.0,0.0,0.0,0.0,0.0,0.0,0.0,0.0,0.0,0.0,0.0,0.0,0.0
8,2.0334620475769043,2018-1-20-11-5-58-5-20-0,0.0,0.0,0.0,0.0,0.0,0.0,0.0,0.0,0.0,0.0,0.0,0.0,0.0,0.0,0.0,0.0,0.0,0.0,0.0,0.0,0.0,0.0,0.0,0.0,0.0,0.0,0.0,0.0,0.0,0.0,0.0,0.0,0.0,0.0
9,2.3301737308502197,2018-1-20-11-5-59-5-20-0,0.0,0.0,0.0,0.0,0.0,0.0,0.0,0.0,0.0,0.0,0.0,0.0,0.0,0.0,0.0,0.0,0.0,0.0,0.0,0.0,0.0,0.0,0.0,0.0,0.0,0.0,0.0,0.0,0.0,0.0,0.0,0.0,0.0,0.0
10,2.689636468887329,2018-1-20-11-5-59-5-20-0,0.0,0.0,0.0,0.0,0.0,0.0,0.0,0.0,0.0,0.0,0.0,0.0,0.0,0.0,0.0,0.0,0.0,0.0,0.0,0.0,0.0,0.0,0.0,0.0,0.0,0.0,0.0,0.0,0.0,0.0,0.0,0.0,0.0,0.0
11,2.9650533199310303,2018-1-20-11-5-59-5-20-0,0.0,0.0,0.0,0.0,0.0,0.0,0.0,0.0,0.0,0.0,0.0,0.0,0.0,0.0,0.0,0.0,0.0,0.0,0.0,0.0,0.0,0.0,0.0,0.0,0.0,0.0,0.0,0.0,0.0,0.0,0.0,0.0,0.0,0.0
12,3.2761926651000977,2018-1-20-11-6-0-5-20-0,0.0,0.0,0.0,0.0,0.0,0.0,0.0,0.0,0.0,0.0,0.0,0.0,0.0,0.0,0.0,0.0,0.0,0.0,0.0,0.0,0.0,0.0,0.0,0.0,0.0,0.0,0.0,0.0,0.0,0.0,0.0,0.0,0.0,0.0
13,3.5470430850982666,2018-1-20-11-6-0-5-20-0,0.0,0.0,0.0,0.0,0.0,0.0,0.0,0.0,0.0,0.0,0.0,0.0,0.0,0.0,0.0,0.0,0.0,0.0,0.0,0.0,0.0,0.0,0.0,0.0,0.0,0.0,0.0,0.0,0.0,0.0,0.0,0.0,0.0,0.0
14,3.9061079025268555,2018-1-20-11-6-0-5-20-0,0.0,0.0,0.0,0.0,0.0,0.0,0.0,0.0,0.0,0.0,0.0,0.0,0.0,0.0,0.0,0.0,0.0,0.0,0.0,0.0,0.0,0.0,0.0,0.0,0.0,0.0,0.0,0.0,0.0,0.0,0.0,0.0,0.0,0.0
15,4.247129678726196,2018-1-20-11-6-1-5-20-0,0.0,0.0,0.0,0.0,0.0,0.0,0.0,0.0,0.0,0.0,0.0,0.0,0.0,0.0,0.0,0.0,0.0,0.0,0.0,0.0,0.0,0.0,0.0,0.0,0.0,0.0,0.0,0.0,0.0,0.0,0.0,0.0,0.0,0.0
16,4.538101673126221,2018-1-20-11-6-1-5-20-0,0.0,0.0,0.0,0.0,0.0,0.0,0.0,0.0,0.0,0.0,0.0,0.0,0.0,0.0,0.0,0.0,0.0,0.0,0.0,0.0,0.0,0.0,0.0,0.0,0.0,0.0,0.0,0.0,0.0,0.0,0.0,0.0,0.0,0.0
17,4.85131573677063,2018-1-20-11-6-1-5-20-0,0.0,0.0,0.0,0.0,0.0,0.0,0.0,0.0,0.0,0.0,0.0,0.0,0.0,0.0,0.0,0.0,0.0,0.0,0.0,0.0,0.0,0.0,0.0,0.0,0.0,0.0,0.0,0.0,0.0,0.0,0.0,0.0,0.0,0.0
18,5.182068347930908,2018-1-20-11-6-2-5-20-0,0.0,0.0,0.0,0.0,0.0,0.0,0.0,0.0,0.0,0.0,0.0,0.0,0.0,0.0,0.0,0.0,0.0,0.0,0.0,0.0,0.0,0.0,0.0,0.0,0.0,0.0,0.0,0.0,0.0,0.0,0.0,0.0,0.0,0.0
19,5.465149402618408,2018-1-20-11-6-2-5-20-0,0.0,0.0,0.0,0.0,0.0,0.0,0.0,0.0,0.0,0.0,0.0,0.0,0.0,0.0,0.0,0.0,0.0,0.0,0.0,0.0,0.0,0.0,0.0,0.0,0.0,0.0,0.0,0.0,0.0,0.0,0.0,0.0,0.0,0.0
20,5.788537979125977,2018-1-20-11-6-2-5-20-0,0.0,0.0,0.0,0.0,0.0,0.0,0.0,0.0,0.0,0.0,0.0,0.0,0.0,0.0,0.0,0.0,0.0,0.0,0.0,0.0,0.0,0.0,0.0,0.0,0.0,0.0,0.0,0.0,0.0,0.0,0.0,0.0,0.0,0.0
21,6.141438245773315,2018-1-20-11-6-3-5-20-0,0.0,0.0,0.0,0.0,0.0,0.0,0.0,0.0,0.0,0.0,0.0,0.0,0.0,0.0,0.0,0.0,0.0,0.0,0.0,0.0,0.0,0.0,0.0,0.0,0.0,0.0,0.0,0.0,0.0,0.0,0.0,0.0,0.0,0.0
22,6.784183740615845,2018-1-20-11-6-3-5-20-0,0.0018293422181159258,0.22503790259361267,0.4131937026977539,97.52794647216797,0.002260661218315363,0.004689193330705166,0.012800037860870361,0.19983716309070587,-12.789283752441406,79.48726654052734,6.946933694962354e-07,0.002260661218315363,0.003250973066315055,4.4317118863546057e-07,0.9716342091560364,4.70062153806218e-14,40.9346923828125,5.512048244476318,0.7445285320281982,5.6813530591171e-07,0.019228123128414154,0.0012214718153700233,93.41345977783203,2.259088915934626e-07,1.3384395837783813,1.6327195167541504,30.61346435546875,0.038328997790813446,97.92631530761719,0.08749351650476456,50.398075103759766,-15.227246284484863,11.494836807250977,-7.84904670715332
23,7.317094087600708,2018-1-20-11-6-4-5-20-0,0.0,0.0,0.0,0.0,0.0,0.0,0.0,0.0,0.0,0.0,0.0,0.0,0.0,0.0,0.0,0.0,0.0,0.0,0.0,0.0,0.0,0.0,0.0,0.0,0.0,0.0,0.0,0.0,0.0,0.0,0.0,0.0,0.0,0.0
24,7.859455108642578,2018-1-20-11-6-4-5-20-0,0.0,0.0,0.0,0.0,0.0,0.0,0.0,0.0,0.0,0.0,0.0,0.0,0.0,0.0,0.0,0.0,0.0,0.0,0.0,0.0,0.0,0.0,0.0,0.0,0.0,0.0,0.0,0.0,0.0,0.0,0.0,0.0,0.0,0.0
25,8.681038856506348,2018-1-20-11-6-5-5-20-0,0.0018391641788184643,0.019239693880081177,0.687460720539093,86.01301574707031,0.030531547963619232,0.004748199600726366,0.006724020000547171,0.20310431718826294,-25.041961669921875,76.25875854492188,6.222774118214147e-07,0.0015478588175028563,0.013268731534481049,1.4248642401071265e-05,1.406144618988037,2.1650041853141407e-14,80.76215362548828,19.697559356689453,1.1682990789413452,2.25427356781438e-06,0.16681022942066193,0.030531547963619232,75.94034576416016,5.499650228557584e-07,5.80164098739624,58.262508392333984,30.00333023071289,0.039684541523456573,4.827957630157471,0.06240279600024223,51.061988830566406,-16.165409088134766,7.581158638000488,-14.288533210754395
26,9.420758485794067,2018-1-20-11-6-6-5-20-0,0.001826317748054862,0.020721085369586945,0.4260769188404083,74.05403137207031,0.0485442653298378,0.014475785195827484,0.1924775242805481,0.7075439691543579,-14.63134765625,91.5545654296875,1.5514419970941162e-08,0.0485442653298378,0.009074803441762924,5.118091848999029e-06,34.745094299316406,1.4522625520229683e-14,13.704107284545898,40.227298736572266,0.25913071632385254,1.2340460671111941e-06,0.0402296707034111,0.0013804156333208084,68.69535827636719,4.3773167135441327e-07,26.584165573120117,6.799213409423828,52.727909088134766,0.006526672746986151,82.22330474853516,0.16105321049690247,51.071983337402344,-10.083459854125977,6.532553195953369,-11.653221130371094
27,10.167327880859375,2018-1-20-11-6-7-5-20-0,0.0018291780725121498,0.011975012719631195,0.49391382932662964,50.96665573120117,0.046550918370485306,0.008793529123067856,0.027559397742152214,0.40527787804603577,-27.268836975097656,76.67866516113281,4.561840114547522e-07,0.046550918370485306,0.010523932985961437,5.607962521025911e-06,19.80797004699707,4.19988886333697e-14,70.20515441894531,31.29142189025879,0.6969231367111206,8.824613928481995e-07,0.16522251069545746,0.009590440429747105,59.19425964355469,1.8531021623857669e-06,49.28983688354492,30.831966400146484,73.39164733886719,0.05089769884943962,18.916648864746094,0.05464751645922661,50.62820816040039,-16.048725128173828,6.424340724945068,-13.253952980041504
28,10.743495225906372,2018-1-20-11-6-7-5-20-0,0.0,0.0,0.0,0.0,0.0,0.0,0.0,0.0,0.0,0.0,0.0,0.0,0.0,0.0,0.0,0.0,0.0,0.0,0.0,0.0,0.0,0.0,0.0,0.0,0.0,0.0,0.0,0.0,0.0,0.0,0.0,0.0,0.0,0.0
29,11.344391345977783,2018-1-20-11-6-8-5-20-0,0.0,0.0,0.0,0.0,0.0,0.0,0.0,0.0,0.0,0.0,0.0,0.0,0.0,0.0,0.0,0.0,0.0,0.0,0.0,0.0,0.0,0.0,0.0,0.0,0.0,0.0,0.0,0.0,0.0,0.0,0.0,0.0,0.0,0.0
30,11.888770580291748,2018-1-20-11-6-8-5-20-0,0.0,0.0,0.0,0.0,0.0,0.0,0.0,0.0,0.0,0.0,0.0,0.0,0.0,0.0,0.0,0.0,0.0,0.0,0.0,0.0,0.0,0.0,0.0,0.0,0.0,0.0,0.0,0.0,0.0,0.0,0.0,0.0,0.0,0.0
31,12.42721438407898,2018-1-20-11-6-9-5-20-0,0.0,0.0,0.0,0.0,0.0,0.0,0.0,0.0,0.0,0.0,0.0,0.0,0.0,0.0,0.0,0.0,0.0,0.0,0.0,0.0,0.0,0.0,0.0,0.0,0.0,0.0,0.0,0.0,0.0,0.0,0.0,0.0,0.0,0.0
32,12.956204414367676,2018-1-20-11-6-9-5-20-0,0.0,0.0,0.0,0.0,0.0,0.0,0.0,0.0,0.0,0.0,0.0,0.0,0.0,0.0,0.0,0.0,0.0,0.0,0.0,0.0,0.0,0.0,0.0,0.0,0.0,0.0,0.0,0.0,0.0,0.0,0.0,0.0,0.0,0.0
33,13.73632025718689,2018-1-20-11-6-10-5-20-0,0.001829042099416256,0.00023152594803832471,0.4243055284023285,0.1946452260017395,0.0006771633052267134,0.049139950424432755,2.7297792434692383,2.737457275390625,-21.447662353515625,94.462890625,1.3542278054501367e-07,0.0006771633052267134,6.490313921858615e-07,2.321727606613422e-06,71.43286895751953,6.331300761441838e-11,0.0008671795367263258,9.359829164168332e-06,0.05873129144310951,0.033617887645959854,5.786353722214699e-05,3.869717147608753e-06,0.09601858258247375,9.981646144296974e-05,0.030744247138500214,3.994060534751043e-05,0.16992156207561493,0.0003713810001499951,0.012229440733790398,0.00019528286065906286,59.480072021484375,-7.816330909729004,21.154155731201172,-11.97373104095459
34,14.55396318435669,2018-1-20-11-6-11-5-20-0,0.0018291029846295714,9.386911551700905e-05,0.0022097791079431772,0.19300036132335663,0.0005340279312804341,0.1010531410574913,3.44442081451416,5.961785316467285,-49.65835952758789,94.97953796386719,3.771480194814103e-08,0.0005340279312804341,2.3471875465475023e-06,6.143836372984879e-08,93.10736083984375,6.570561802976549e-12,0.020215855911374092,7.598825959576061e-06,72.40088653564453,0.004370364360511303,1.1075243492086884e-05,0.00015865689783822745,0.016098612919449806,5.594264393948833e-07,0.005455867853015661,0.0012251491425558925,0.0006178318872116506,6.967384251765907e-05,0.011928082443773746,0.0003071413084398955,56.91231155395508,-7.299304485321045,19.864768981933594,-10.71735668182373
35,15.354395151138306,2018-1-20-11-6-12-5-20-0,0.0018290786538273096,0.0017054015770554543,0.42409366369247437,0.203164741396904,0.00039422421832568944,0.00995185598731041,0.11471354961395264,0.46439129114151,-7.067512512207031,87.959716796875,7.0222050396751e-10,0.00039422421832568944,3.35326610922948e-08,7.609947942910367e-07,23.499164581298828,4.870124442613033e-11,0.0003174247976858169,7.578982149425428e-06,0.05884528532624245,0.048540934920310974,0.00026471310411579907,5.961236820439808e-05,0.5000465512275696,0.0002996491966769099,0.04747243970632553,2.4364639102714136e-05,0.0009079331648536026,0.0005133282975293696,0.001461502630263567,6.803785072406754e-05,56.14434051513672,-12.056896209716797,16.19989585876465,-15.983505249023438
36,16.12443447113037,2018-1-20-11-6-13-5-20-0,0.0018290611915290356,0.004534646403044462,0.42624199390411377,87.3398666381836,0.021638616919517517,0.004562916234135628,0.024264082312583923,0.19376830756664276,-0.055816650390625,78.47516632080078,7.817640423901651e-10,0.000491272599902004,4.817896410713729e-07,3.2339301014872035e-06,0.147657573223114,1.5979491341244767e-10,0.0010743996826931834,0.0003302679106127471,0.0011635471601039171,0.004370343405753374,0.00015113729750737548,2.2802076273364946e-05,77.00094604492188,0.021638616919517517,0.410234659910202,6.9120437728997786e-06,0.0029613974038511515,3.395432577235624e-05,0.15097075700759888,8.104991138679907e-05,55.42415237426758,-15.532126426696777,13.630338668823242,-19.037559509277344
37,16.887913942337036,2018-1-20-11-6-13-5-20-0,0.0018291485030204058,0.004509789403527975,0.42775464057922363,4.90994119644165,0.10136425495147705,0.004567448049783707,0.024270029738545418,0.1939425766468048,-0.09853363037109375,86.17782592773438,2.387932074299215e-10,0.00024959066649898887,1.176198907160142e-07,0.0006685929256491363,0.16000820696353912,8.72862112449857e-12,4.209032340440899e-05,0.0005827872664667666,0.00017267133807763457,0.02247474156320095,0.0002546964678913355,0.00023782292555551976,30.931344985961914,0.10136425495147705,1.3472179174423218,3.0961136872065254e-06,8.463417907478288e-05,0.0002584074973128736,0.0020847285632044077,0.00034043530467897654,55.698402404785156,-12.849305152893066,15.306974411010742,-19.555540084838867
38,17.419681787490845,2018-1-20-11-6-14-5-20-0,0.0,0.0,0.0,0.0,0.0,0.0,0.0,0.0,0.0,0.0,0.0,0.0,0.0,0.0,0.0,0.0,0.0,0.0,0.0,0.0,0.0,0.0,0.0,0.0,0.0,0.0,0.0,0.0,0.0,0.0,0.0,0.0,0.0,0.0
39,18.18878746032715,2018-1-20-11-6-15-5-20-0,0.00182860076893121,0.00011834419274237007,0.4265825152397156,0.9591240286827087,0.007303519640117884,0.0882452055811882,8.179670333862305,5.150206089019775,-26.652076721191406,87.04240417480469,8.144568575119138e-09,0.007303519640117884,2.439272748233634e-07,5.056737251152299e-10,88.8328628540039,5.224577215301451e-09,0.0001798671728465706,0.0034411074593663216,0.007012261543422937,0.20212171971797943,7.552327588200569e-05,7.265785484378284e-07,15.178658485412598,0.0015860387356951833,0.07427424192428589,3.7153124139877036e-05,0.00046257878420874476,0.001935231382958591,1.640620231628418,0.0001291467051487416,55.24364471435547,-12.476433753967285,20.379119873046875,-12.074835777282715
40,18.972639322280884,2018-1-20-11-6-15-5-20-0,0.0018290524603798985,7.394748536171392e-05,0.4235419034957886,0.1948954164981842,0.0004902532673440874,0.12436120212078094,15.292242050170898,7.4155354499816895,-29.828514099121094,92.72393035888672,1.4465360465010235e-08,0.0004902532673440874,0.0002650243113748729,4.167491907125509e-10,99.34440612792969,6.234559464246558e-07,0.002822879934683442,0.003562837839126587,0.08502856642007828,0.0003775543882511556,1.6991411030176096e-05,1.2848616393057455e-08,0.10812656581401825,0.00014005269622430205,0.07720654457807541,4.250702477293089e-05,0.0008370574796572328,0.003310428000986576,0.6598946452140808,0.004274608567357063,57.946632385253906,-9.274818420410156,22.16246795654297,-7.542019367218018
41,19.38637638092041,2018-1-20-11-6-16-5-20-0,0.0,0.0,0.0,0.0,0.0,0.0,0.0,0.0,0.0,0.0,0.0,0.0,0.0,0.0,0.0,0.0,0.0,0.0,0.0,0.0,0.0,0.0,0.0,0.0,0.0,0.0,0.0,0.0,0.0,0.0,0.0,0.0,0.0,0.0
42,20.07879614830017,2018-1-20-11-6-17-5-20-0,0.0018251043511554599,9.411929931957275e-05,0.4260190427303314,36.88594055175781,0.05996192991733551,0.1261700689792633,15.606306076049805,7.5381903648376465,-30.92584991455078,93.05660247802734,1.771924118543211e-08,0.05996192991733551,3.3163347244262695,0.0009181345230899751,99.71693420410156,1.2729785794363124e-06,4.735366746899672e-05,1.789079760783352e-05,0.04255268722772598,0.0021421443670988083,0.0004715727409347892,6.768483217456378e-06,53.768348693847656,0.03295763209462166,0.7459192276000977,3.4669112210394815e-05,3.237954160795198e-06,0.03404553234577179,4.8138346672058105,0.3694715201854706,56.95893096923828,-9.022912979125977,16.57776641845703,-5.064821720123291
43,20.846609115600586,2018-1-20-11-6-17-5-20-0,0.0018278824863955379,9.533268894301727e-05,0.4314573407173157,0.26773467659950256,0.018118644133210182,0.10541807860136032,11.3889799118042,6.231414318084717,-28.298965454101562,90.2240219116211,2.1399101157726363e-08,0.018118644133210182,0.001435601501725614,3.1920848186928197e-07,94.28367614746094,2.8137105978487398e-09,0.00112098827958107,0.00023262060130946338,0.04278554767370224,0.0801110789179802,0.00025736523093655705,6.656331606791355e-06,3.103553056716919,0.00045325810788199306,0.6664762496948242,7.452526187989861e-05,9.164641596726142e-06,0.0002382901293458417,1.9832706451416016,0.0005240172031335533,58.7464599609375,-10.888161659240723,8.147624015808105,-6.77787446975708
44,21.451951265335083,2018-1-20-11-6-18-5-20-0,0.0,0.0,0.0,0.0,0.0,0.0,0.0,0.0,0.0,0.0,0.0,0.0,0.0,0.0,0.0,0.0,0.0,0.0,0.0,0.0,0.0,0.0,0.0,0.0,0.0,0.0,0.0,0.0,0.0,0.0,0.0,0.0,0.0,0.0
45,21.902836322784424,2018-1-20-11-6-18-5-20-0,0.0,0.0,0.0,0.0,0.0,0.0,0.0,0.0,0.0,0.0,0.0,0.0,0.0,0.0,0.0,0.0,0.0,0.0,0.0,0.0,0.0,0.0,0.0,0.0,0.0,0.0,0.0,0.0,0.0,0.0,0.0,0.0,0.0,0.0
46,22.362661600112915,2018-1-20-11-6-19-5-20-0,0.0018411454511806369,0.005470506846904755,0.3526816964149475,2.6188390254974365,0.09151629358530045,0.005614014342427254,0.01859324797987938,0.22643522918224335,-0.8556671142578125,98.5521469116211,3.290262975497171e-05,5.5322147090919316e-05,0.000591195304878056,1.6942286462651168e-09,0.05575106292963028,6.646122763243056e-09,0.0008625484188087285,0.0028299472760409117,2.6973328590393066,6.388346195220947,0.03939267620444298,0.03616717457771301,24.81703758239746,0.09151629358530045,99.6642837524414,8.663590733704041e-07,0.0017629589419811964,4.126189651287859e-06,5.753678321838379,3.0987699574325234e-05,58.13443374633789,0.8974869847297668,6.33816385269165,-8.658875465393066
47,22.645012140274048,2018-1-20-11-6-19-5-20-0,0.0,0.0,0.0,0.0,0.0,0.0,0.0,0.0,0.0,0.0,0.0,0.0,0.0,0.0,0.0,0.0,0.0,0.0,0.0,0.0,0.0,0.0,0.0,0.0,0.0,0.0,0.0,0.0,0.0,0.0,0.0,0.0,0.0,0.0
48,23.650978803634644,2018-1-20-11-6-20-5-20-0,0.0018443719018250704,0.004499994218349457,0.004383950959891081,36.8010368347168,5.792940616607666,0.019045129418373108,0.0019039720064029098,0.5649762749671936,-22.88379669189453,96.90617370605469,1.124338996305596e-05,2.3035418053041212e-05,0.008466656319797039,1.9776348614275463e-10,0.1342540979385376,2.1576070707851613e-08,1.7446649508201517e-05,0.0003411971847526729,66.53263854980469,42.979557037353516,0.06107521429657936,0.04578402265906334,53.766319274902344,5.792940616607666,99.79833221435547,6.096993274695706e-07,2.215830591012491e-06,0.00011442026880104095,0.013432814739644527,0.0003913544933311641,59.56305694580078,-4.778339385986328,5.100113391876221,-11.853776931762695
49,23.909725189208984,2018-1-20-11-6-20-5-20-0,0.0018305392004549503,0.006942743435502052,0.0005197905702516437,0.9589523077011108,0.3559155762195587,0.004573436453938484,0.005117842927575111,0.19388628005981445,-28.098831176757812,96.55987548828125,7.1529520937474445e-06,1.925177093653474e-05,0.3919832408428192,7.3786634580130794e-09,0.04237069934606552,7.709600140515249e-07,0.0015865984605625272,0.018306434154510498,92.5831069946289,0.18789690732955933,0.03906925395131111,0.004375234711915255,15.180045127868652,0.3559155762195587,84.12054443359375,3.847271273116348e-06,0.001192642142996192,2.0384222310099176e-08,12.392566680908203,2.446380131004844e-05,60.23687744140625,-5.32673454284668,9.718742370605469,-1.9652674198150635
50,24.497246026992798,2018-1-20-11-6-21-5-20-0,0.0018593424465507269,0.00467171473428607,0.0005215632263571024,12.679669380187988,0.09029636532068253,0.004537886939942837,0.005188047885894775,0.19384226202964783,-27.660926818847656,97.40962219238281,0.00013269385090097785,2.6660691219149157e-05,0.13551609218120575,1.0803417183069541e-07,0.14994150400161743,1.5821900944956724e-07,0.003415084909647703,0.0013732727384194732,92.19112396240234,0.017804503440856934,0.011241640895605087,0.09029636532068253,40.72645568847656,0.0031267383601516485,89.8733139038086,5.777432306786068e-06,0.002357180928811431,1.1511903039718163e-06,1.0813978910446167,0.00025147723499685526,57.54671859741211,-3.864396333694458,7.405670642852783,-9.063372611999512
51,25.0452721118927,2018-1-20-11-6-21-5-20-0,0.0,0.0,0.0,0.0,0.0,0.0,0.0,0.0,0.0,0.0,0.0,0.0,0.0,0.0,0.0,0.0,0.0,0.0,0.0,0.0,0.0,0.0,0.0,0.0,0.0,0.0,0.0,0.0,0.0,0.0,0.0,0.0,0.0,0.0
52,25.55611753463745,2018-1-20-11-6-22-5-20-0,0.0,0.0,0.0,0.0,0.0,0.0,0.0,0.0,0.0,0.0,0.0,0.0,0.0,0.0,0.0,0.0,0.0,0.0,0.0,0.0,0.0,0.0,0.0,0.0,0.0,0.0,0.0,0.0,0.0,0.0,0.0,0.0,0.0,0.0
53,26.31080985069275,2018-1-20-11-6-23-5-20-0,0.0,0.0,0.0,0.0,0.0,0.0,0.0,0.0,0.0,0.0,0.0,0.0,0.0,0.0,0.0,0.0,0.0,0.0,0.0,0.0,0.0,0.0,0.0,0.0,0.0,0.0,0.0,0.0,0.0,0.0,0.0,0.0,0.0,0.0
54,27.087252616882324,2018-1-20-11-6-24-5-20-0,0.0018290838925167918,0.00416735652834177,0.8650984764099121,98.63983154296875,0.027612052857875824,0.004582430236041546,0.02447449415922165,0.19470636546611786,-2.6446380615234375,86.03387451171875,1.821250953071285e-05,8.098897524178028e-06,0.010355181060731411,2.6951163523136756e-10,0.2804282605648041,3.712523948706803e-06,0.007847080938518047,2.5929153935067006e-07,0.016837766394019127,3.0226658054743893e-05,5.072383403778076,1.3575257753473124e-06,99.14225769042969,0.027612052857875824,82.92276763916016,3.152055683131039e-08,6.813402251282241e-06,1.068709752871655e-05,0.04969995468854904,0.011809879913926125,55.12459945678711,-12.909467697143555,15.743064880371094,-15.77905559539795
55,27.877928018569946,2018-1-20-11-6-24-5-20-0,0.0,0.0,0.0,0.0,0.0,0.0,0.0,0.0,0.0,0.0,0.0,0.0,0.0,0.0,0.0,0.0,0.0,0.0,0.0,0.0,0.0,0.0,0.0,0.0,0.0,0.0,0.0,0.0,0.0,0.0,0.0,0.0,0.0,0.0
56,28.42412304878235,2018-1-20-11-6-25-5-20-0,0.0,0.0,0.0,0.0,0.0,0.0,0.0,0.0,0.0,0.0,0.0,0.0,0.0,0.0,0.0,0.0,0.0,0.0,0.0,0.0,0.0,0.0,0.0,0.0,0.0,0.0,0.0,0.0,0.0,0.0,0.0,0.0,0.0,0.0
57,29.214507341384888,2018-1-20-11-6-26-5-20-0,0.001829136279411614,0.005102132447063923,0.0006097825826145709,0.29154282808303833,7.429391860961914,0.004557302221655846,0.004949849098920822,0.1933012455701828,-33.00688934326172,92.97654724121094,8.35446655855776e-07,5.591642911895178e-05,2.6938233375549316,1.9126753514342454e-08,0.028855416923761368,8.771200441515248e-07,6.483536708401516e-05,0.012958869338035583,94.75187683105469,0.0869431272149086,0.09994444996118546,0.0001659289700910449,3.9077043533325195,7.429391860961914,88.406494140625,1.070701182470657e-05,0.0003626293037086725,7.764970746393374e-07,0.6217649579048157,6.252418825170025e-05,59.148963928222656,-9.084540367126465,11.45417594909668,-6.411983489990234
58,29.77721929550171,2018-1-20-11-6-26-5-20-0,0.0,0.0,0.0,0.0,0.0,0.0,0.0,0.0,0.0,0.0,0.0,0.0,0.0,0.0,0.0,0.0,0.0,0.0,0.0,0.0,0.0,0.0,0.0,0.0,0.0,0.0,0.0,0.0,0.0,0.0,0.0,0.0,0.0,0.0
59,30.565785884857178,2018-1-20-11-6-27-5-20-0,0.0018295131158083677,0.0037395991384983063,0.011760624125599861,2.6866495609283447,27.02690315246582,0.00457158824428916,0.00531421834602952,0.19382455945014954,-47.18400573730469,96.35630798339844,1.2097678414590973e-08,0.0003098857414443046,0.0856470912694931,0.008625369518995285,0.052242424339056015,1.8840946722775698e-06,5.010414315620437e-05,0.001589688123203814,90.43312072753906,0.15958134829998016,13.001169204711914,0.0013468785909935832,25.03961944580078,27.02690315246582,15.919883728027344,1.848195779530215e-06,6.319059593806742e-06,4.95947051604162e-06,0.007503331173211336,0.000996509799733758,59.94364929199219,-5.624716281890869,7.8304057121276855,-12.70504093170166
60,31.133854627609253,2018-1-20-11-6-28-5-20-0,0.0,0.0,0.0,0.0,0.0,0.0,0.0,0.0,0.0,0.0,0.0,0.0,0.0,0.0,0.0,0.0,0.0,0.0,0.0,0.0,0.0,0.0,0.0,0.0,0.0,0.0,0.0,0.0,0.0,0.0,0.0,0.0,0.0,0.0
61,31.712255716323853,2018-1-20-11-6-28-5-20-0,0.0,0.0,0.0,0.0,0.0,0.0,0.0,0.0,0.0,0.0,0.0,0.0,0.0,0.0,0.0,0.0,0.0,0.0,0.0,0.0,0.0,0.0,0.0,0.0,0.0,0.0,0.0,0.0,0.0,0.0,0.0,0.0,0.0,0.0
62,32.276318311691284,2018-1-20-11-6-29-5-20-0,0.0,0.0,0.0,0.0,0.0,0.0,0.0,0.0,0.0,0.0,0.0,0.0,0.0,0.0,0.0,0.0,0.0,0.0,0.0,0.0,0.0,0.0,0.0,0.0,0.0,0.0,0.0,0.0,0.0,0.0,0.0,0.0,0.0,0.0
63,32.82078695297241,2018-1-20-11-6-29-5-20-0,0.0,0.0,0.0,0.0,0.0,0.0,0.0,0.0,0.0,0.0,0.0,0.0,0.0,0.0,0.0,0.0,0.0,0.0,0.0,0.0,0.0,0.0,0.0,0.0,0.0,0.0,0.0,0.0,0.0,0.0,0.0,0.0,0.0,0.0
64,33.36971712112427,2018-1-20-11-6-30-5-20-0,0.0,0.0,0.0,0.0,0.0,0.0,0.0,0.0,0.0,0.0,0.0,0.0,0.0,0.0,0.0,0.0,0.0,0.0,0.0,0.0,0.0,0.0,0.0,0.0,0.0,0.0,0.0,0.0,0.0,0.0,0.0,0.0,0.0,0.0
65,33.91166090965271,2018-1-20-11-6-30-5-20-0,0.0,0.0,0.0,0.0,0.0,0.0,0.0,0.0,0.0,0.0,0.0,0.0,0.0,0.0,0.0,0.0,0.0,0.0,0.0,0.0,0.0,0.0,0.0,0.0,0.0,0.0,0.0,0.0,0.0,0.0,0.0,0.0,0.0,0.0
66,34.459168672561646,2018-1-20-11-6-31-5-20-0,0.0,0.0,0.0,0.0,0.0,0.0,0.0,0.0,0.0,0.0,0.0,0.0,0.0,0.0,0.0,0.0,0.0,0.0,0.0,0.0,0.0,0.0,0.0,0.0,0.0,0.0,0.0,0.0,0.0,0.0,0.0,0.0,0.0,0.0
67,35.006680965423584,2018-1-20-11-6-31-5-20-0,0.0,0.0,0.0,0.0,0.0,0.0,0.0,0.0,0.0,0.0,0.0,0.0,0.0,0.0,0.0,0.0,0.0,0.0,0.0,0.0,0.0,0.0,0.0,0.0,0.0,0.0,0.0,0.0,0.0,0.0,0.0,0.0,0.0,0.0
68,35.54819416999817,2018-1-20-11-6-32-5-20-0,0.0,0.0,0.0,0.0,0.0,0.0,0.0,0.0,0.0,0.0,0.0,0.0,0.0,0.0,0.0,0.0,0.0,0.0,0.0,0.0,0.0,0.0,0.0,0.0,0.0,0.0,0.0,0.0,0.0,0.0,0.0,0.0,0.0,0.0
69,36.148051261901855,2018-1-20-11-6-33-5-20-0,0.0,0.0,0.0,0.0,0.0,0.0,0.0,0.0,0.0,0.0,0.0,0.0,0.0,0.0,0.0,0.0,0.0,0.0,0.0,0.0,0.0,0.0,0.0,0.0,0.0,0.0,0.0,0.0,0.0,0.0,0.0,0.0,0.0,0.0
70,36.97569799423218,2018-1-20-11-6-33-5-20-0,7.244760490721092e-05,0.0006047863280400634,0.42801737785339355,0.19534893333911896,88.78997802734375,0.08806662261486053,0.002593956422060728,33.27377700805664,-0.0983123779296875,60.4683723449707,3.321319608229345e-11,88.78997802734375,0.06014695391058922,2.3337418042501668e-06,0.0007416221778839827,5.789130591438152e-05,8.045315917115659e-05,0.01535155437886715,0.019300952553749084,0.19081079959869385,8.666273060953245e-06,5.59895397600485e-06,0.13004834949970245,0.14840658009052277,40.19175720214844,6.010553261148743e-05,0.00047731713857501745,3.140399348922074e-05,85.96421813964844,1.586841307243958e-07,52.90935516357422,19.874902725219727,-28.55811309814453,8.963006973266602
71,37.74115490913391,2018-1-20-11-6-34-5-20-0,0.0018279504729434848,0.00027379218954592943,0.4387105703353882,6.956831455230713,0.6707290410995483,0.11955753713846207,14.250834465026855,7.118888854980469,-40.078704833984375,78.39700317382812,7.267944113209523e-08,0.01754244603216648,34.16069412231445,0.00019308029732201248,98.1373062133789,3.9536505937576294e-05,0.00010702617873903364,7.254185220517684e-06,0.18432776629924774,0.007431970909237862,0.0014644380426034331,9.5205323304981e-05,34.41569519042969,0.6707290410995483,0.13482441008090973,0.00010142065002582967,2.987808755960941e-08,0.005141411442309618,0.8753618001937866,0.2677195370197296,56.57776641845703,-15.555232048034668,13.906465530395508,-3.3720993995666504
72,38.36686873435974,2018-1-20-11-6-35-5-20-0,0.0,0.0,0.0,0.0,0.0,0.0,0.0,0.0,0.0,0.0,0.0,0.0,0.0,0.0,0.0,0.0,0.0,0.0,0.0,0.0,0.0,0.0,0.0,0.0,0.0,0.0,0.0,0.0,0.0,0.0,0.0,0.0,0.0,0.0
73,39.091745138168335,2018-1-20-11-6-36-5-20-0,0.0,0.0,0.0,0.0,0.0,0.0,0.0,0.0,0.0,0.0,0.0,0.0,0.0,0.0,0.0,0.0,0.0,0.0,0.0,0.0,0.0,0.0,0.0,0.0,0.0,0.0,0.0,0.0,0.0,0.0,0.0,0.0,0.0,0.0
74,39.640448331832886,2018-1-20-11-6-36-5-20-0,0.0,0.0,0.0,0.0,0.0,0.0,0.0,0.0,0.0,0.0,0.0,0.0,0.0,0.0,0.0,0.0,0.0,0.0,0.0,0.0,0.0,0.0,0.0,0.0,0.0,0.0,0.0,0.0,0.0,0.0,0.0,0.0,0.0,0.0
75,40.1886990070343,2018-1-20-11-6-37-5-20-0,0.0,0.0,0.0,0.0,0.0,0.0,0.0,0.0,0.0,0.0,0.0,0.0,0.0,0.0,0.0,0.0,0.0,0.0,0.0,0.0,0.0,0.0,0.0,0.0,0.0,0.0,0.0,0.0,0.0,0.0,0.0,0.0,0.0,0.0
76,40.74365472793579,2018-1-20-11-6-37-5-20-0,0.0,0.0,0.0,0.0,0.0,0.0,0.0,0.0,0.0,0.0,0.0,0.0,0.0,0.0,0.0,0.0,0.0,0.0,0.0,0.0,0.0,0.0,0.0,0.0,0.0,0.0,0.0,0.0,0.0,0.0,0.0,0.0,0.0,0.0
77,41.28930473327637,2018-1-20-11-6-38-5-20-0,0.0,0.0,0.0,0.0,0.0,0.0,0.0,0.0,0.0,0.0,0.0,0.0,0.0,0.0,0.0,0.0,0.0,0.0,0.0,0.0,0.0,0.0,0.0,0.0,0.0,0.0,0.0,0.0,0.0,0.0,0.0,0.0,0.0,0.0
78,41.85564565658569,2018-1-20-11-6-38-5-20-0,0.0,0.0,0.0,0.0,0.0,0.0,0.0,0.0,0.0,0.0,0.0,0.0,0.0,0.0,0.0,0.0,0.0,0.0,0.0,0.0,0.0,0.0,0.0,0.0,0.0,0.0,0.0,0.0,0.0,0.0,0.0,0.0,0.0,0.0
79,42.518702030181885,2018-1-20-11-6-39-5-20-0,0.0,0.0,0.0,0.0,0.0,0.0,0.0,0.0,0.0,0.0,0.0,0.0,0.0,0.0,0.0,0.0,0.0,0.0,0.0,0.0,0.0,0.0,0.0,0.0,0.0,0.0,0.0,0.0,0.0,0.0,0.0,0.0,0.0,0.0
80,43.130945444107056,2018-1-20-11-6-40-5-20-0,0.0,0.0,0.0,0.0,0.0,0.0,0.0,0.0,0.0,0.0,0.0,0.0,0.0,0.0,0.0,0.0,0.0,0.0,0.0,0.0,0.0,0.0,0.0,0.0,0.0,0.0,0.0,0.0,0.0,0.0,0.0,0.0,0.0,0.0
81,43.7574098110199,2018-1-20-11-6-40-5-20-0,0.0,0.0,0.0,0.0,0.0,0.0,0.0,0.0,0.0,0.0,0.0,0.0,0.0,0.0,0.0,0.0,0.0,0.0,0.0,0.0,0.0,0.0,0.0,0.0,0.0,0.0,0.0,0.0,0.0,0.0,0.0,0.0,0.0,0.0
82,44.31922698020935,2018-1-20-11-6-41-5-20-0,0.0,0.0,0.0,0.0,0.0,0.0,0.0,0.0,0.0,0.0,0.0,0.0,0.0,0.0,0.0,0.0,0.0,0.0,0.0,0.0,0.0,0.0,0.0,0.0,0.0,0.0,0.0,0.0,0.0,0.0,0.0,0.0,0.0,0.0
83,45.16484570503235,2018-1-20-11-6-42-5-20-0,0.0,0.0,0.0,0.0,0.0,0.0,0.0,0.0,0.0,0.0,0.0,0.0,0.0,0.0,0.0,0.0,0.0,0.0,0.0,0.0,0.0,0.0,0.0,0.0,0.0,0.0,0.0,0.0,0.0,0.0,0.0,0.0,0.0,0.0
84,45.87133836746216,2018-1-20-11-6-42-5-20-0,0.0,0.0,0.0,0.0,0.0,0.0,0.0,0.0,0.0,0.0,0.0,0.0,0.0,0.0,0.0,0.0,0.0,0.0,0.0,0.0,0.0,0.0,0.0,0.0,0.0,0.0,0.0,0.0,0.0,0.0,0.0,0.0,0.0,0.0
85,46.977874755859375,2018-1-20-11-6-43-5-20-0,0.002027681563049555,0.004239541012793779,0.4732295274734497,1.471665382385254,0.5761396884918213,0.004758666735142469,0.022500084713101387,0.2075444608926773,-0.23799896240234375,89.19581604003906,2.053375602883989e-08,0.046036820858716965,1.701344626781065e-05,4.007013194495812e-05,0.6917890906333923,5.6774637074985534e-11,0.3289506733417511,1.455650806427002,0.3612113893032074,1.8271416425704956,0.5709376931190491,0.5761396884918213,19.663633346557617,0.2281680405139923,60.470970153808594,9.189619049720932e-06,0.0005231219111010432,1.3726485121878795e-05,0.1325502097606659,0.00210663047619164,54.76332473754883,-11.445494651794434,13.26683235168457,-12.062535285949707
86,47.966094970703125,2018-1-20-11-6-44-5-20-0,0.0,0.0,0.0,0.0,0.0,0.0,0.0,0.0,0.0,0.0,0.0,0.0,0.0,0.0,0.0,0.0,0.0,0.0,0.0,0.0,0.0,0.0,0.0,0.0,0.0,0.0,0.0,0.0,0.0,0.0,0.0,0.0,0.0,0.0
87,48.66843605041504,2018-1-20-11-6-45-5-20-0,0.0,0.0,0.0,0.0,0.0,0.0,0.0,0.0,0.0,0.0,0.0,0.0,0.0,0.0,0.0,0.0,0.0,0.0,0.0,0.0,0.0,0.0,0.0,0.0,0.0,0.0,0.0,0.0,0.0,0.0,0.0,0.0,0.0,0.0
88,49.47813272476196,2018-1-20-11-6-46-5-20-0,0.001829045475460589,0.1164315938949585,0.42573148012161255,0.1944180428981781,0.0006033190293237567,0.004587243776768446,0.02407156117260456,0.19447800517082214,-0.0377349853515625,93.28105926513672,4.56768276535513e-07,0.0006033190293237567,5.920600187891978e-07,2.0023847163708197e-11,0.1214461624622345,2.339245464000328e-10,3.0459725053333386e-07,0.005762252025306225,0.004228046163916588,0.1899433434009552,8.150489172464859e-09,1.5806850228727853e-07,0.08500082790851593,6.27006302238442e-05,15.604961395263672,1.1094223456575847e-10,1.1492575140437111e-06,5.034016794525087e-06,97.51909637451172,0.0005743608344346285,57.17432403564453,8.846564292907715,-4.512688159942627,3.6526083946228027
89,50.29112195968628,2018-1-20-11-6-47-5-20-0,0.0,0.0,0.0,0.0,0.0,0.0,0.0,0.0,0.0,0.0,0.0,0.0,0.0,0.0,0.0,0.0,0.0,0.0,0.0,0.0,0.0,0.0,0.0,0.0,0.0,0.0,0.0,0.0,0.0,0.0,0.0,0.0,0.0,0.0
90,51.14578104019165,2018-1-20-11-6-48-5-20-0,0.0018283132230862975,0.004113383125513792,0.4258590638637543,0.22085925936698914,0.011610619723796844,0.010927939787507057,0.1424301415681839,0.5215613842010498,-8.201286315917969,75.16719055175781,1.287040305442133e-07,0.011610619723796844,5.3585910791298375e-05,1.2155986937531504e-12,26.624130249023438,0.2805381417274475,0.058796875178813934,9.598663330078125,5.2519906603265554e-05,3.634656309259299e-08,4.945669429545774e-10,3.617785324788736e-13,1.2876360416412354,5.460453849082114e-07,0.014793887734413147,1.1695190238469877e-07,94.15548706054688,8.528616035619052e-09,30.310699462890625,5.053806944488315e-06,61.65958786010742,16.462255477905273,-8.425578117370605,9.992826461791992
91,51.91017699241638,2018-1-20-11-6-48-5-20-0,0.0018280898220837116,0.019287966191768646,0.4256349205970764,0.19699998199939728,0.014964336529374123,0.005596358794718981,0.008427773602306843,0.2609640955924988,-33.8857421875,84.26294708251953,5.62131177161973e-08,0.014964336529374123,2.6971359252929688,1.5931088913345715e-12,8.083611488342285,1.8211745023727417,97.91498565673828,99.30821228027344,0.007321649696677923,1.921932124560044e-07,2.255934772321666e-09,3.7631193734039003e-14,0.2094113528728485,1.5510182027611563e-09,7.29165506362915,0.0001153701450675726,99.9989013671875,4.018303467745454e-09,1.607334852218628,2.9496534352801973e-06,62.21427917480469,13.610380172729492,-3.811065196990967,5.676558494567871
92,52.46295666694641,2018-1-20-11-6-49-5-20-0,0.0,0.0,0.0,0.0,0.0,0.0,0.0,0.0,0.0,0.0,0.0,0.0,0.0,0.0,0.0,0.0,0.0,0.0,0.0,0.0,0.0,0.0,0.0,0.0,0.0,0.0,0.0,0.0,0.0,0.0,0.0,0.0,0.0,0.0
93,53.106330156326294,2018-1-20-11-6-50-5-20-0,0.0,0.0,0.0,0.0,0.0,0.0,0.0,0.0,0.0,0.0,0.0,0.0,0.0,0.0,0.0,0.0,0.0,0.0,0.0,0.0,0.0,0.0,0.0,0.0,0.0,0.0,0.0,0.0,0.0,0.0,0.0,0.0,0.0,0.0
94,54.0964252948761,2018-1-20-11-6-51-5-20-0,0.0018269902793690562,0.00505831791087985,0.4258520007133484,0.1927308738231659,0.03153229504823685,0.09447275847196579,5.180319786071777,5.567211151123047,-39.09580612182617,97.87610626220703,5.906349187512205e-09,0.03153229504823685,0.09559732675552368,1.9921143422742867e-15,91.12093353271484,0.06252916157245636,38.95663833618164,0.00026779668405652046,0.0002835832128766924,2.073451099704471e-08,4.497643146805785e-09,1.8498239398589966e-11,0.002810475416481495,2.359883122249329e-13,5.798363054054789e-05,0.00011171729420311749,99.71450805664062,1.8355276552028954e-06,97.61450958251953,9.08591755433008e-06,60.72013854980469,2.8477489948272705,6.8683977127075195,9.79468822479248
95,54.68570137023926,2018-1-20-11-6-51-5-20-0,0.0,0.0,0.0,0.0,0.0,0.0,0.0,0.0,0.0,0.0,0.0,0.0,0.0,0.0,0.0,0.0,0.0,0.0,0.0,0.0,0.0,0.0,0.0,0.0,0.0,0.0,0.0,0.0,0.0,0.0,0.0,0.0,0.0,0.0
96,55.284197092056274,2018-1-20-11-6-52-5-20-0,0.0,0.0,0.0,0.0,0.0,0.0,0.0,0.0,0.0,0.0,0.0,0.0,0.0,0.0,0.0,0.0,0.0,0.0,0.0,0.0,0.0,0.0,0.0,0.0,0.0,0.0,0.0,0.0,0.0,0.0,0.0,0.0,0.0,0.0
97,55.85519289970398,2018-1-20-11-6-52-5-20-0,0.0,0.0,0.0,0.0,0.0,0.0,0.0,0.0,0.0,0.0,0.0,0.0,0.0,0.0,0.0,0.0,0.0,0.0,0.0,0.0,0.0,0.0,0.0,0.0,0.0,0.0,0.0,0.0,0.0,0.0,0.0,0.0,0.0,0.0
98,56.41715431213379,2018-1-20-11-6-53-5-20-0,0.0,0.0,0.0,0.0,0.0,0.0,0.0,0.0,0.0,0.0,0.0,0.0,0.0,0.0,0.0,0.0,0.0,0.0,0.0,0.0,0.0,0.0,0.0,0.0,0.0,0.0,0.0,0.0,0.0,0.0,0.0,0.0,0.0,0.0
99,56.9644238948822,2018-1-20-11-6-53-5-20-0,0.0,0.0,0.0,0.0,0.0,0.0,0.0,0.0,0.0,0.0,0.0,0.0,0.0,0.0,0.0,0.0,0.0,0.0,0.0,0.0,0.0,0.0,0.0,0.0,0.0,0.0,0.0,0.0,0.0,0.0,0.0,0.0,0.0,0.0
100,57.51008129119873,2018-1-20-11-6-54-5-20-0,0.0,0.0,0.0,0.0,0.0,0.0,0.0,0.0,0.0,0.0,0.0,0.0,0.0,0.0,0.0,0.0,0.0,0.0,0.0,0.0,0.0,0.0,0.0,0.0,0.0,0.0,0.0,0.0,0.0,0.0,0.0,0.0,0.0,0.0
101,58.071197748184204,2018-1-20-11-6-55-5-20-0,0.0,0.0,0.0,0.0,0.0,0.0,0.0,0.0,0.0,0.0,0.0,0.0,0.0,0.0,0.0,0.0,0.0,0.0,0.0,0.0,0.0,0.0,0.0,0.0,0.0,0.0,0.0,0.0,0.0,0.0,0.0,0.0,0.0,0.0
102,58.921931982040405,2018-1-20-11-6-55-5-20-0,0.0,0.0,0.0,0.0,0.0,0.0,0.0,0.0,0.0,0.0,0.0,0.0,0.0,0.0,0.0,0.0,0.0,0.0,0.0,0.0,0.0,0.0,0.0,0.0,0.0,0.0,0.0,0.0,0.0,0.0,0.0,0.0,0.0,0.0
103,59.81434512138367,2018-1-20-11-6-56-5-20-0,0.0,0.0,0.0,0.0,0.0,0.0,0.0,0.0,0.0,0.0,0.0,0.0,0.0,0.0,0.0,0.0,0.0,0.0,0.0,0.0,0.0,0.0,0.0,0.0,0.0,0.0,0.0,0.0,0.0,0.0,0.0,0.0,0.0,0.0
104,60.560097455978394,2018-1-20-11-6-57-5-20-0,0.0,0.0,0.0,0.0,0.0,0.0,0.0,0.0,0.0,0.0,0.0,0.0,0.0,0.0,0.0,0.0,0.0,0.0,0.0,0.0,0.0,0.0,0.0,0.0,0.0,0.0,0.0,0.0,0.0,0.0,0.0,0.0,0.0,0.0
105,61.24030828475952,2018-1-20-11-6-58-5-20-0,0.0,0.0,0.0,0.0,0.0,0.0,0.0,0.0,0.0,0.0,0.0,0.0,0.0,0.0,0.0,0.0,0.0,0.0,0.0,0.0,0.0,0.0,0.0,0.0,0.0,0.0,0.0,0.0,0.0,0.0,0.0,0.0,0.0,0.0
106,61.81565046310425,2018-1-20-11-6-58-5-20-0,0.0,0.0,0.0,0.0,0.0,0.0,0.0,0.0,0.0,0.0,0.0,0.0,0.0,0.0,0.0,0.0,0.0,0.0,0.0,0.0,0.0,0.0,0.0,0.0,0.0,0.0,0.0,0.0,0.0,0.0,0.0,0.0,0.0,0.0
107,62.38792085647583,2018-1-20-11-6-59-5-20-0,0.0,0.0,0.0,0.0,0.0,0.0,0.0,0.0,0.0,0.0,0.0,0.0,0.0,0.0,0.0,0.0,0.0,0.0,0.0,0.0,0.0,0.0,0.0,0.0,0.0,0.0,0.0,0.0,0.0,0.0,0.0,0.0,0.0,0.0
108,62.950167179107666,2018-1-20-11-6-59-5-20-0,0.0,0.0,0.0,0.0,0.0,0.0,0.0,0.0,0.0,0.0,0.0,0.0,0.0,0.0,0.0,0.0,0.0,0.0,0.0,0.0,0.0,0.0,0.0,0.0,0.0,0.0,0.0,0.0,0.0,0.0,0.0,0.0,0.0,0.0
109,63.577484130859375,2018-1-20-11-7-0-5-20-0,0.0,0.0,0.0,0.0,0.0,0.0,0.0,0.0,0.0,0.0,0.0,0.0,0.0,0.0,0.0,0.0,0.0,0.0,0.0,0.0,0.0,0.0,0.0,0.0,0.0,0.0,0.0,0.0,0.0,0.0,0.0,0.0,0.0,0.0
110,64.30583119392395,2018-1-20-11-7-1-5-20-0,0.0018292148597538471,4.3206048011779785,0.0009500038577243686,0.20555709302425385,0.5139089226722717,0.004554969258606434,0.00593534903600812,0.1934029906988144,-55.531097412109375,62.17802810668945,4.7031466721136894e-08,9.897746349452063e-05,99.83106994628906,1.975019703337466e-09,0.1005905419588089,4.82856594317127e-05,2.307336762896739e-05,0.002516319276764989,84.31639862060547,0.0003372578357812017,0.0003409688360989094,0.0004074730968568474,0.6106967926025391,0.5139089226722717,40.39720153808594,0.000626447843387723,3.3770825211831834e-06,0.00019978711497969925,97.38445281982422,0.0008688467205502093,51.38127899169922,-19.514442443847656,4.73341178894043,3.3021175861358643
111,64.83534979820251,2018-1-20-11-7-1-5-20-0,0.0,0.0,0.0,0.0,0.0,0.0,0.0,0.0,0.0,0.0,0.0,0.0,0.0,0.0,0.0,0.0,0.0,0.0,0.0,0.0,0.0,0.0,0.0,0.0,0.0,0.0,0.0,0.0,0.0,0.0,0.0,0.0,0.0,0.0
112,65.30686330795288,2018-1-20-11-7-2-5-20-0,0.0,0.0,0.0,0.0,0.0,0.0,0.0,0.0,0.0,0.0,0.0,0.0,0.0,0.0,0.0,0.0,0.0,0.0,0.0,0.0,0.0,0.0,0.0,0.0,0.0,0.0,0.0,0.0,0.0,0.0,0.0,0.0,0.0,0.0
113,65.59590458869934,2018-1-20-11-7-2-5-20-0,0.0,0.0,0.0,0.0,0.0,0.0,0.0,0.0,0.0,0.0,0.0,0.0,0.0,0.0,0.0,0.0,0.0,0.0,0.0,0.0,0.0,0.0,0.0,0.0,0.0,0.0,0.0,0.0,0.0,0.0,0.0,0.0,0.0,0.0
114,65.84156608581543,2018-1-20-11-7-2-5-20-0,0.0,0.0,0.0,0.0,0.0,0.0,0.0,0.0,0.0,0.0,0.0,0.0,0.0,0.0,0.0,0.0,0.0,0.0,0.0,0.0,0.0,0.0,0.0,0.0,0.0,0.0,0.0,0.0,0.0,0.0,0.0,0.0,0.0,0.0
115,66.28142881393433,2018-1-20-11-7-3-5-20-0,0.0,0.0,0.0,0.0,0.0,0.0,0.0,0.0,0.0,0.0,0.0,0.0,0.0,0.0,0.0,0.0,0.0,0.0,0.0,0.0,0.0,0.0,0.0,0.0,0.0,0.0,0.0,0.0,0.0,0.0,0.0,0.0,0.0,0.0
116,66.68143725395203,2018-1-20-11-7-3-5-20-0,0.0,0.0,0.0,0.0,0.0,0.0,0.0,0.0,0.0,0.0,0.0,0.0,0.0,0.0,0.0,0.0,0.0,0.0,0.0,0.0,0.0,0.0,0.0,0.0,0.0,0.0,0.0,0.0,0.0,0.0,0.0,0.0,0.0,0.0
117,67.10707354545593,2018-1-20-11-7-4-5-20-0,0.0,0.0,0.0,0.0,0.0,0.0,0.0,0.0,0.0,32.59117889404297,0.0,0.0,0.0,0.0,0.0,0.0,0.0,0.0,0.0,0.0,0.0,0.0,0.0,0.0,0.0,0.0,0.0,0.0,0.0,0.0,50.00648498535156,-25.633670806884766,1.3285624980926514,1.6872555017471313
118,67.40674901008606,2018-1-20-11-7-4-5-20-0,0.0,0.0,0.0,0.0,0.0,0.0,0.0,0.0,0.0,0.0,0.0,0.0,0.0,0.0,0.0,0.0,0.0,0.0,0.0,0.0,0.0,0.0,0.0,0.0,0.0,0.0,0.0,0.0,0.0,0.0,0.0,0.0,0.0,0.0
119,67.81048011779785,2018-1-20-11-7-4-5-20-0,0.0,0.0,0.0,0.0,0.0,0.0,0.0,0.0,0.0,32.57592010498047,0.0,0.0,0.0,0.0,0.0,0.0,0.0,0.0,0.0,0.0,0.0,0.0,0.0,0.0,0.0,0.0,0.0,0.0,0.0,0.0,50.58857727050781,-25.637144088745117,0.5096054077148438,-1.2872503995895386
120,68.1576611995697,2018-1-20-11-7-5-5-20-0,0.0,0.0,0.0,0.0,0.0,0.0,0.0,0.0,0.0,0.0,0.0,0.0,0.0,0.0,0.0,0.0,0.0,0.0,0.0,0.0,0.0,0.0,0.0,0.0,0.0,0.0,0.0,0.0,0.0,0.0,0.0,0.0,0.0,0.0
121,68.44236326217651,2018-1-20-11-7-5-5-20-0,0.0,0.0,0.0,0.0,0.0,0.0,0.0,0.0,0.0,0.0,0.0,0.0,0.0,0.0,0.0,0.0,0.0,0.0,0.0,0.0,0.0,0.0,0.0,0.0,0.0,0.0,0.0,0.0,0.0,0.0,0.0,0.0,0.0,0.0
122,68.74823784828186,2018-1-20-11-7-5-5-20-0,0.0,0.0,0.0,0.0,0.0,0.0,0.0,0.0,0.0,0.0,0.0,0.0,0.0,0.0,0.0,0.0,0.0,0.0,0.0,0.0,0.0,0.0,0.0,0.0,0.0,0.0,0.0,0.0,0.0,0.0,0.0,0.0,0.0,0.0
123,69.04251432418823,2018-1-20-11-7-5-5-20-0,0.0,0.0,0.0,0.0,0.0,0.0,0.0,0.0,0.0,0.0,0.0,0.0,0.0,0.0,0.0,0.0,0.0,0.0,0.0,0.0,0.0,0.0,0.0,0.0,0.0,0.0,0.0,0.0,0.0,0.0,0.0,0.0,0.0,0.0
124,69.34954929351807,2018-1-20-11-7-6-5-20-0,0.0,0.0,0.0,0.0,0.0,0.0,0.0,0.0,0.0,0.0,0.0,0.0,0.0,0.0,0.0,0.0,0.0,0.0,0.0,0.0,0.0,0.0,0.0,0.0,0.0,0.0,0.0,0.0,0.0,0.0,0.0,0.0,0.0,0.0
125,69.75073027610779,2018-1-20-11-7-6-5-20-0,0.0,0.0,0.0,0.0,0.0,0.0,0.0,0.0,0.0,27.71378517150879,0.0,0.0,0.0,0.0,0.0,0.0,0.0,0.0,0.0,0.0,0.0,0.0,0.0,0.0,0.0,0.0,0.0,0.0,0.0,0.0,52.48299789428711,-26.79351806640625,-6.054543972015381,-0.9579533338546753
126,70.04973101615906,2018-1-20-11-7-6-5-20-0,0.0,0.0,0.0,0.0,0.0,0.0,0.0,0.0,0.0,0.0,0.0,0.0,0.0,0.0,0.0,0.0,0.0,0.0,0.0,0.0,0.0,0.0,0.0,0.0,0.0,0.0,0.0,0.0,0.0,0.0,0.0,0.0,0.0,0.0
127,70.47400283813477,2018-1-20-11-7-7-5-20-0,0.0,0.0,0.0,0.0,0.0,0.0,0.0,0.0,0.0,27.990537643432617,0.0,0.0,0.0,0.0,0.0,0.0,0.0,0.0,0.0,0.0,0.0,0.0,0.0,0.0,0.0,0.0,0.0,0.0,0.0,0.0,52.51286315917969,-26.724655151367188,-4.274845600128174,-1.08734130859375
128,70.88149166107178,2018-1-20-11-7-7-5-20-0,0.0,0.0,0.0,0.0,0.0,0.0,0.0,0.0,0.0,32.17744064331055,0.0,0.0,0.0,0.0,0.0,0.0,0.0,0.0,0.0,0.0,0.0,0.0,0.0,0.0,0.0,0.0,0.0,0.0,0.0,0.0,51.57699203491211,-25.728145599365234,-3.5856242179870605,-3.024552345275879
129,71.21644973754883,2018-1-20-11-7-8-5-20-0,0.0,0.0,0.0,0.0,0.0,0.0,0.0,0.0,0.0,0.0,0.0,0.0,0.0,0.0,0.0,0.0,0.0,0.0,0.0,0.0,0.0,0.0,0.0,0.0,0.0,0.0,0.0,0.0,0.0,0.0,0.0,0.0,0.0,0.0
130,71.58625221252441,2018-1-20-11-7-8-5-20-0,0.0,0.0,0.0,0.0,0.0,0.0,0.0,0.0,0.0,0.0,0.0,0.0,0.0,0.0,0.0,0.0,0.0,0.0,0.0,0.0,0.0,0.0,0.0,0.0,0.0,0.0,0.0,0.0,0.0,0.0,0.0,0.0,0.0,0.0
131,71.97399830818176,2018-1-20-11-7-8-5-20-0,0.0,0.0,0.0,0.0,0.0,0.0,0.0,0.0,0.0,0.0,0.0,0.0,0.0,0.0,0.0,0.0,0.0,0.0,0.0,0.0,0.0,0.0,0.0,0.0,0.0,0.0,0.0,0.0,0.0,0.0,0.0,0.0,0.0,0.0
132,72.28331232070923,2018-1-20-11-7-9-5-20-0,0.0,0.0,0.0,0.0,0.0,0.0,0.0,0.0,0.0,0.0,0.0,0.0,0.0,0.0,0.0,0.0,0.0,0.0,0.0,0.0,0.0,0.0,0.0,0.0,0.0,0.0,0.0,0.0,0.0,0.0,0.0,0.0,0.0,0.0
133,72.8498182296753,2018-1-20-11-7-9-5-20-0,0.0,0.0,0.0,0.0,0.0,0.0,0.0,0.0,0.0,0.0,0.0,0.0,0.0,0.0,0.0,0.0,0.0,0.0,0.0,0.0,0.0,0.0,0.0,0.0,0.0,0.0,0.0,0.0,0.0,0.0,0.0,0.0,0.0,0.0
134,73.57203221321106,2018-1-20-11-7-10-5-20-0,0.0,0.0,0.0,0.0,0.0,0.0,0.0,0.0,0.0,0.0,0.0,0.0,0.0,0.0,0.0,0.0,0.0,0.0,0.0,0.0,0.0,0.0,0.0,0.0,0.0,0.0,0.0,0.0,0.0,0.0,0.0,0.0,0.0,0.0
135,74.0337963104248,2018-1-20-11-7-10-5-20-0,0.0,0.0,0.0,0.0,0.0,0.0,0.0,0.0,0.0,0.0,0.0,0.0,0.0,0.0,0.0,0.0,0.0,0.0,0.0,0.0,0.0,0.0,0.0,0.0,0.0,0.0,0.0,0.0,0.0,0.0,0.0,0.0,0.0,0.0
136,74.4764609336853,2018-1-20-11-7-11-5-20-0,0.0,0.0,0.0,0.0,0.0,0.0,0.0,0.0,0.0,0.0,0.0,0.0,0.0,0.0,0.0,0.0,0.0,0.0,0.0,0.0,0.0,0.0,0.0,0.0,0.0,0.0,0.0,0.0,0.0,0.0,0.0,0.0,0.0,0.0
137,75.08914494514465,2018-1-20-11-7-12-5-20-0,0.0,0.0,0.0,0.0,0.0,0.0,0.0,0.0,0.0,0.0,0.0,0.0,0.0,0.0,0.0,0.0,0.0,0.0,0.0,0.0,0.0,0.0,0.0,0.0,0.0,0.0,0.0,0.0,0.0,0.0,0.0,0.0,0.0,0.0
138,75.79272937774658,2018-1-20-11-7-12-5-20-0,0.0,0.0,0.0,0.0,0.0,0.0,0.0,0.0,0.0,0.0,0.0,0.0,0.0,0.0,0.0,0.0,0.0,0.0,0.0,0.0,0.0,0.0,0.0,0.0,0.0,0.0,0.0,0.0,0.0,0.0,0.0,0.0,0.0,0.0
139,76.21793818473816,2018-1-20-11-7-13-5-20-0,0.0,0.0,0.0,0.0,0.0,0.0,0.0,0.0,0.0,0.0,0.0,0.0,0.0,0.0,0.0,0.0,0.0,0.0,0.0,0.0,0.0,0.0,0.0,0.0,0.0,0.0,0.0,0.0,0.0,0.0,0.0,0.0,0.0,0.0
